/home/pi/Desktop/bakal/IMG/04-16-18_50_03_0_1.0.jpg,1.0
/home/pi/Desktop/bakal/IMG/04-16-18_50_03_1_0.99.jpg,0.99
/home/pi/Desktop/bakal/IMG/04-16-18_50_04_2_1.0.jpg,1.0
/home/pi/Desktop/bakal/IMG/04-16-18_50_04_3_1.0.jpg,1.0
/home/pi/Desktop/bakal/IMG/04-16-18_50_05_4_1.0.jpg,1.0
/home/pi/Desktop/bakal/IMG/04-16-18_50_05_5_1.0.jpg,1.0
/home/pi/Desktop/bakal/IMG/04-16-18_50_05_6_1.0.jpg,1.0
/home/pi/Desktop/bakal/IMG/04-16-18_50_06_7_1.0.jpg,1.0
/home/pi/Desktop/bakal/IMG/04-16-18_50_06_8_1.0.jpg,1.0
/home/pi/Desktop/bakal/IMG/04-16-18_50_07_9_0.99.jpg,0.99
/home/pi/Desktop/bakal/IMG/04-16-18_50_07_10_1.0.jpg,1.0
/home/pi/Desktop/bakal/IMG/04-16-18_50_08_11_1.0.jpg,1.0
/home/pi/Desktop/bakal/IMG/04-16-18_50_08_12_1.0.jpg,1.0
/home/pi/Desktop/bakal/IMG/04-16-18_50_08_13_1.0.jpg,1.0
/home/pi/Desktop/bakal/IMG/04-16-18_50_09_14_1.0.jpg,1.0
/home/pi/Desktop/bakal/IMG/04-16-18_50_10_15_1.0.jpg,1.0
/home/pi/Desktop/bakal/IMG/04-16-18_50_10_16_1.0.jpg,1.0
/home/pi/Desktop/bakal/IMG/04-16-18_50_11_17_0.99.jpg,0.99
/home/pi/Desktop/bakal/IMG/04-16-18_50_12_18_1.0.jpg,1.0
/home/pi/Desktop/bakal/IMG/04-16-18_50_12_19_1.0.jpg,1.0
/home/pi/Desktop/bakal/IMG/04-16-18_50_13_20_1.0.jpg,1.0
/home/pi/Desktop/bakal/IMG/04-16-18_50_13_21_1.0.jpg,1.0
/home/pi/Desktop/bakal/IMG/04-16-18_50_14_22_1.0.jpg,1.0
/home/pi/Desktop/bakal/IMG/04-16-18_50_15_23_1.0.jpg,1.0
/home/pi/Desktop/bakal/IMG/04-16-18_50_15_24_1.0.jpg,1.0
/home/pi/Desktop/bakal/IMG/04-16-18_50_16_25_0.99.jpg,0.99
/home/pi/Desktop/bakal/IMG/04-16-18_50_16_26_1.0.jpg,1.0
/home/pi/Desktop/bakal/IMG/04-16-18_50_17_27_0.99.jpg,0.99
/home/pi/Desktop/bakal/IMG/04-16-18_50_18_28_1.0.jpg,1.0
/home/pi/Desktop/bakal/IMG/04-16-18_50_18_29_1.0.jpg,1.0
/home/pi/Desktop/bakal/IMG/04-16-18_50_19_30_1.0.jpg,1.0
/home/pi/Desktop/bakal/IMG/04-16-18_50_19_31_1.0.jpg,1.0
/home/pi/Desktop/bakal/IMG/04-16-18_50_20_32_1.0.jpg,1.0
/home/pi/Desktop/bakal/IMG/04-16-18_50_21_33_0.99.jpg,0.99
/home/pi/Desktop/bakal/IMG/04-16-18_50_21_34_1.0.jpg,1.0
/home/pi/Desktop/bakal/IMG/04-16-18_50_22_35_0.99.jpg,0.99
/home/pi/Desktop/bakal/IMG/04-16-18_50_22_36_1.0.jpg,1.0
/home/pi/Desktop/bakal/IMG/04-16-18_50_23_37_1.0.jpg,1.0
/home/pi/Desktop/bakal/IMG/04-16-18_50_24_38_1.0.jpg,1.0
/home/pi/Desktop/bakal/IMG/04-16-18_50_24_39_1.0.jpg,1.0
/home/pi/Desktop/bakal/IMG/04-16-18_50_25_40_1.0.jpg,1.0
/home/pi/Desktop/bakal/IMG/04-16-18_50_25_41_1.0.jpg,1.0
/home/pi/Desktop/bakal/IMG/04-16-18_50_26_42_1.0.jpg,1.0
/home/pi/Desktop/bakal/IMG/04-16-18_50_27_43_0.99.jpg,0.99
/home/pi/Desktop/bakal/IMG/04-16-18_50_27_44_1.0.jpg,1.0
/home/pi/Desktop/bakal/IMG/04-16-18_50_28_45_0.92.jpg,0.92
/home/pi/Desktop/bakal/IMG/04-16-18_50_28_46_0.62.jpg,0.62
/home/pi/Desktop/bakal/IMG/04-16-18_50_29_47_0.52.jpg,0.52
/home/pi/Desktop/bakal/IMG/04-16-18_50_30_48_0.22.jpg,0.22
/home/pi/Desktop/bakal/IMG/04-16-18_50_30_49_0.33.jpg,0.33
/home/pi/Desktop/bakal/IMG/04-16-18_50_31_50_0.69.jpg,0.69
/home/pi/Desktop/bakal/IMG/04-16-18_50_31_51_1.0.jpg,1.0
/home/pi/Desktop/bakal/IMG/04-16-18_50_32_52_1.0.jpg,1.0
/home/pi/Desktop/bakal/IMG/04-16-18_50_33_53_0.98.jpg,0.98
/home/pi/Desktop/bakal/IMG/04-16-18_50_33_54_0.68.jpg,0.68
/home/pi/Desktop/bakal/IMG/04-16-18_50_34_55_0.35.jpg,0.35
/home/pi/Desktop/bakal/IMG/04-16-18_50_34_56_0.21.jpg,0.21
/home/pi/Desktop/bakal/IMG/04-16-18_50_35_57_0.35.jpg,0.35
/home/pi/Desktop/bakal/IMG/04-16-18_50_36_58_0.46.jpg,0.46
/home/pi/Desktop/bakal/IMG/04-16-18_50_36_59_0.5.jpg,0.5
/home/pi/Desktop/bakal/IMG/04-16-18_50_37_60_0.49.jpg,0.49
/home/pi/Desktop/bakal/IMG/04-16-18_50_37_61_0.5.jpg,0.5
/home/pi/Desktop/bakal/IMG/04-16-18_50_38_62_0.5.jpg,0.5
/home/pi/Desktop/bakal/IMG/04-16-18_50_39_63_0.49.jpg,0.49
/home/pi/Desktop/bakal/IMG/04-16-18_50_39_64_0.47.jpg,0.47
/home/pi/Desktop/bakal/IMG/04-16-18_50_40_65_0.66.jpg,0.66
/home/pi/Desktop/bakal/IMG/04-16-18_50_40_66_0.51.jpg,0.51
/home/pi/Desktop/bakal/IMG/04-16-18_50_41_67_0.1.jpg,0.1
/home/pi/Desktop/bakal/IMG/04-16-18_50_42_68_0.07.jpg,0.07
/home/pi/Desktop/bakal/IMG/04-16-18_50_42_69_0.44.jpg,0.44
/home/pi/Desktop/bakal/IMG/04-16-18_50_43_70_0.73.jpg,0.73
/home/pi/Desktop/bakal/IMG/04-16-18_50_44_71_0.86.jpg,0.86
/home/pi/Desktop/bakal/IMG/04-16-18_50_44_72_0.94.jpg,0.94
/home/pi/Desktop/bakal/IMG/04-16-18_50_45_73_0.73.jpg,0.73
/home/pi/Desktop/bakal/IMG/04-16-18_50_45_74_0.39.jpg,0.39
/home/pi/Desktop/bakal/IMG/04-16-18_50_46_75_0.32.jpg,0.32
/home/pi/Desktop/bakal/IMG/04-16-18_50_47_76_0.26.jpg,0.26
/home/pi/Desktop/bakal/IMG/04-16-18_50_47_77_0.49.jpg,0.49
/home/pi/Desktop/bakal/IMG/04-16-18_50_48_78_0.6.jpg,0.6
/home/pi/Desktop/bakal/IMG/04-16-18_50_48_79_0.6.jpg,0.6
/home/pi/Desktop/bakal/IMG/04-16-18_50_49_80_0.61.jpg,0.61
/home/pi/Desktop/bakal/IMG/04-16-18_50_50_81_0.69.jpg,0.69
/home/pi/Desktop/bakal/IMG/04-16-18_50_50_82_0.74.jpg,0.74
/home/pi/Desktop/bakal/IMG/04-16-18_50_51_83_0.65.jpg,0.65
/home/pi/Desktop/bakal/IMG/04-16-18_50_51_84_0.54.jpg,0.54
/home/pi/Desktop/bakal/IMG/04-16-18_50_52_85_0.4.jpg,0.4
/home/pi/Desktop/bakal/IMG/04-16-18_50_53_86_0.36.jpg,0.36
/home/pi/Desktop/bakal/IMG/04-16-18_50_53_87_0.31.jpg,0.31
/home/pi/Desktop/bakal/IMG/04-16-18_50_54_88_0.31.jpg,0.31
/home/pi/Desktop/bakal/IMG/04-16-18_50_54_89_0.57.jpg,0.57
/home/pi/Desktop/bakal/IMG/04-16-18_50_55_90_0.7.jpg,0.7
/home/pi/Desktop/bakal/IMG/04-16-18_50_56_91_0.77.jpg,0.77
/home/pi/Desktop/bakal/IMG/04-16-18_50_56_92_0.82.jpg,0.82
/home/pi/Desktop/bakal/IMG/04-16-18_50_57_93_0.75.jpg,0.75
/home/pi/Desktop/bakal/IMG/04-16-18_50_57_94_0.4.jpg,0.4
/home/pi/Desktop/bakal/IMG/04-16-18_50_58_95_0.25.jpg,0.25
/home/pi/Desktop/bakal/IMG/04-16-18_50_59_96_0.18.jpg,0.18
/home/pi/Desktop/bakal/IMG/04-16-18_50_59_97_0.39.jpg,0.39
/home/pi/Desktop/bakal/IMG/04-16-18_51_00_98_0.58.jpg,0.58
/home/pi/Desktop/bakal/IMG/04-16-18_51_00_99_0.69.jpg,0.69
/home/pi/Desktop/bakal/IMG/04-16-18_51_01_100_0.62.jpg,0.62
/home/pi/Desktop/bakal/IMG/04-16-18_51_02_101_0.56.jpg,0.56
/home/pi/Desktop/bakal/IMG/04-16-18_51_02_102_0.61.jpg,0.61
/home/pi/Desktop/bakal/IMG/04-16-18_51_03_103_0.71.jpg,0.71
/home/pi/Desktop/bakal/IMG/04-16-18_51_03_104_0.6.jpg,0.6
/home/pi/Desktop/bakal/IMG/04-16-18_51_04_105_0.53.jpg,0.53
/home/pi/Desktop/bakal/IMG/04-16-18_51_05_106_0.53.jpg,0.53
/home/pi/Desktop/bakal/IMG/04-16-18_51_05_107_0.53.jpg,0.53
/home/pi/Desktop/bakal/IMG/04-16-18_51_06_108_0.54.jpg,0.54
/home/pi/Desktop/bakal/IMG/04-16-18_51_06_109_0.54.jpg,0.54
/home/pi/Desktop/bakal/IMG/04-16-18_51_07_110_0.54.jpg,0.54
/home/pi/Desktop/bakal/IMG/04-16-18_51_08_111_0.54.jpg,0.54
/home/pi/Desktop/bakal/IMG/04-16-18_51_08_112_0.54.jpg,0.54
/home/pi/Desktop/bakal/IMG/04-16-18_51_09_113_0.54.jpg,0.54
/home/pi/Desktop/bakal/IMG/04-16-18_51_09_114_0.54.jpg,0.54
/home/pi/Desktop/bakal/IMG/04-16-18_51_10_115_0.36.jpg,0.36
/home/pi/Desktop/bakal/IMG/04-16-18_51_11_116_0.24.jpg,0.24
/home/pi/Desktop/bakal/IMG/04-16-18_51_11_117_0.31.jpg,0.31
/home/pi/Desktop/bakal/IMG/04-16-18_51_12_118_0.68.jpg,0.68
/home/pi/Desktop/bakal/IMG/04-16-18_51_13_119_0.81.jpg,0.81
/home/pi/Desktop/bakal/IMG/04-16-18_51_13_120_0.93.jpg,0.93
/home/pi/Desktop/bakal/IMG/04-16-18_51_14_121_0.83.jpg,0.83
/home/pi/Desktop/bakal/IMG/04-16-18_51_14_122_0.45.jpg,0.45
/home/pi/Desktop/bakal/IMG/04-16-18_51_15_123_0.28.jpg,0.28
/home/pi/Desktop/bakal/IMG/04-16-18_51_16_124_0.17.jpg,0.17
/home/pi/Desktop/bakal/IMG/04-16-18_51_16_125_0.19.jpg,0.19
/home/pi/Desktop/bakal/IMG/04-16-18_51_17_126_0.6.jpg,0.6
/home/pi/Desktop/bakal/IMG/04-16-18_51_17_127_0.76.jpg,0.76
/home/pi/Desktop/bakal/IMG/04-16-18_51_18_128_0.69.jpg,0.69
/home/pi/Desktop/bakal/IMG/04-16-18_51_19_129_0.66.jpg,0.66
/home/pi/Desktop/bakal/IMG/04-16-18_51_19_130_0.72.jpg,0.72
/home/pi/Desktop/bakal/IMG/04-16-18_51_20_131_0.69.jpg,0.69
/home/pi/Desktop/bakal/IMG/04-16-18_51_20_132_0.48.jpg,0.48
/home/pi/Desktop/bakal/IMG/04-16-18_51_21_133_0.39.jpg,0.39
/home/pi/Desktop/bakal/IMG/04-16-18_51_22_134_0.28.jpg,0.28
/home/pi/Desktop/bakal/IMG/04-16-18_51_22_135_0.28.jpg,0.28
/home/pi/Desktop/bakal/IMG/04-16-18_51_23_136_0.32.jpg,0.32
/home/pi/Desktop/bakal/IMG/04-16-18_51_23_137_0.41.jpg,0.41
/home/pi/Desktop/bakal/IMG/04-16-18_51_24_138_0.52.jpg,0.52
/home/pi/Desktop/bakal/IMG/04-16-18_51_25_139_0.59.jpg,0.59
/home/pi/Desktop/bakal/IMG/04-16-18_51_25_140_0.64.jpg,0.64
/home/pi/Desktop/bakal/IMG/04-16-18_51_26_141_0.7.jpg,0.7
/home/pi/Desktop/bakal/IMG/04-16-18_51_26_142_0.77.jpg,0.77
/home/pi/Desktop/bakal/IMG/04-16-18_51_27_143_0.76.jpg,0.76
/home/pi/Desktop/bakal/IMG/04-16-18_51_28_144_0.53.jpg,0.53
/home/pi/Desktop/bakal/IMG/04-16-18_51_28_145_0.42.jpg,0.42
/home/pi/Desktop/bakal/IMG/04-16-18_51_29_146_0.34.jpg,0.34
/home/pi/Desktop/bakal/IMG/04-16-18_51_29_147_0.21.jpg,0.21
/home/pi/Desktop/bakal/IMG/04-16-18_51_30_148_0.18.jpg,0.18
/home/pi/Desktop/bakal/IMG/04-16-18_51_31_149_0.34.jpg,0.34
/home/pi/Desktop/bakal/IMG/04-16-18_51_31_150_0.63.jpg,0.63
/home/pi/Desktop/bakal/IMG/04-16-18_51_32_151_0.74.jpg,0.74
/home/pi/Desktop/bakal/IMG/04-16-18_51_32_152_0.81.jpg,0.81
/home/pi/Desktop/bakal/IMG/04-16-18_51_33_153_0.71.jpg,0.71
/home/pi/Desktop/bakal/IMG/04-16-18_51_34_154_0.46.jpg,0.46
/home/pi/Desktop/bakal/IMG/04-16-18_51_34_155_0.36.jpg,0.36
/home/pi/Desktop/bakal/IMG/04-16-18_51_35_156_0.32.jpg,0.32
/home/pi/Desktop/bakal/IMG/04-16-18_51_35_157_0.39.jpg,0.39
/home/pi/Desktop/bakal/IMG/04-16-18_51_36_158_0.57.jpg,0.57
/home/pi/Desktop/bakal/IMG/04-16-18_51_37_159_0.59.jpg,0.59
/home/pi/Desktop/bakal/IMG/04-16-18_51_37_160_0.59.jpg,0.59
/home/pi/Desktop/bakal/IMG/04-16-18_51_38_161_0.74.jpg,0.74
/home/pi/Desktop/bakal/IMG/04-16-18_51_38_162_0.81.jpg,0.81
/home/pi/Desktop/bakal/IMG/04-16-18_51_39_163_0.71.jpg,0.71
/home/pi/Desktop/bakal/IMG/04-16-18_51_40_164_0.47.jpg,0.47
/home/pi/Desktop/bakal/IMG/04-16-18_51_40_165_0.2.jpg,0.2
/home/pi/Desktop/bakal/IMG/04-16-18_51_41_166_0.27.jpg,0.27
/home/pi/Desktop/bakal/IMG/04-16-18_51_41_167_0.36.jpg,0.36
/home/pi/Desktop/bakal/IMG/04-16-18_51_42_168_0.37.jpg,0.37
/home/pi/Desktop/bakal/IMG/04-16-18_51_43_169_0.37.jpg,0.37
/home/pi/Desktop/bakal/IMG/04-16-18_51_43_170_0.29.jpg,0.29
/home/pi/Desktop/bakal/IMG/04-16-18_51_44_171_0.53.jpg,0.53
/home/pi/Desktop/bakal/IMG/04-16-18_51_45_172_0.71.jpg,0.71
/home/pi/Desktop/bakal/IMG/04-16-18_51_45_173_0.75.jpg,0.75
/home/pi/Desktop/bakal/IMG/04-16-18_51_46_174_0.74.jpg,0.74
/home/pi/Desktop/bakal/IMG/04-16-18_51_46_175_0.76.jpg,0.76
/home/pi/Desktop/bakal/IMG/04-16-18_51_47_176_0.63.jpg,0.63
/home/pi/Desktop/bakal/IMG/04-16-18_51_48_177_0.3.jpg,0.3
/home/pi/Desktop/bakal/IMG/04-16-18_51_48_178_0.26.jpg,0.26
/home/pi/Desktop/bakal/IMG/04-16-18_51_49_179_0.39.jpg,0.39
/home/pi/Desktop/bakal/IMG/04-16-18_51_49_180_0.54.jpg,0.54
/home/pi/Desktop/bakal/IMG/04-16-18_51_50_181_0.54.jpg,0.54
/home/pi/Desktop/bakal/IMG/04-16-18_51_51_182_0.57.jpg,0.57
/home/pi/Desktop/bakal/IMG/04-16-18_51_51_183_0.62.jpg,0.62
/home/pi/Desktop/bakal/IMG/04-16-18_51_52_184_0.67.jpg,0.67
/home/pi/Desktop/bakal/IMG/04-16-18_51_52_185_0.68.jpg,0.68
/home/pi/Desktop/bakal/IMG/04-16-18_51_53_186_0.68.jpg,0.68
/home/pi/Desktop/bakal/IMG/04-16-18_51_54_187_0.55.jpg,0.55
/home/pi/Desktop/bakal/IMG/04-16-18_51_54_188_0.39.jpg,0.39
/home/pi/Desktop/bakal/IMG/04-16-18_51_55_189_0.29.jpg,0.29
/home/pi/Desktop/bakal/IMG/04-16-18_51_55_190_0.34.jpg,0.34
/home/pi/Desktop/bakal/IMG/04-16-18_51_56_191_0.52.jpg,0.52
/home/pi/Desktop/bakal/IMG/04-16-18_51_57_192_0.53.jpg,0.53
/home/pi/Desktop/bakal/IMG/04-16-18_51_57_193_0.53.jpg,0.53
/home/pi/Desktop/bakal/IMG/04-16-18_51_58_194_0.54.jpg,0.54
/home/pi/Desktop/bakal/IMG/04-16-18_51_58_195_0.57.jpg,0.57
/home/pi/Desktop/bakal/IMG/04-16-18_51_59_196_0.35.jpg,0.35
/home/pi/Desktop/bakal/IMG/04-16-18_52_00_197_0.48.jpg,0.48
/home/pi/Desktop/bakal/IMG/04-16-18_52_00_198_0.62.jpg,0.62
/home/pi/Desktop/bakal/IMG/04-16-18_52_01_199_0.72.jpg,0.72
/home/pi/Desktop/bakal/IMG/04-16-18_52_01_200_0.84.jpg,0.84
/home/pi/Desktop/bakal/IMG/04-16-18_52_02_201_0.78.jpg,0.78
/home/pi/Desktop/bakal/IMG/04-16-18_52_03_202_0.44.jpg,0.44
/home/pi/Desktop/bakal/IMG/04-16-18_52_03_203_0.29.jpg,0.29
/home/pi/Desktop/bakal/IMG/04-16-18_52_04_204_0.19.jpg,0.19
/home/pi/Desktop/bakal/IMG/04-16-18_52_04_205_0.24.jpg,0.24
/home/pi/Desktop/bakal/IMG/04-16-18_52_05_206_0.52.jpg,0.52
/home/pi/Desktop/bakal/IMG/04-16-18_52_06_207_0.68.jpg,0.68
/home/pi/Desktop/bakal/IMG/04-16-18_52_06_208_0.71.jpg,0.71
/home/pi/Desktop/bakal/IMG/04-16-18_52_07_209_0.54.jpg,0.54
/home/pi/Desktop/bakal/IMG/04-16-18_52_07_210_0.52.jpg,0.52
/home/pi/Desktop/bakal/IMG/04-16-18_52_08_211_0.54.jpg,0.54
/home/pi/Desktop/bakal/IMG/04-16-18_52_09_212_0.54.jpg,0.54
/home/pi/Desktop/bakal/IMG/04-16-18_52_09_213_0.54.jpg,0.54
/home/pi/Desktop/bakal/IMG/04-16-18_52_10_214_0.47.jpg,0.47
/home/pi/Desktop/bakal/IMG/04-16-18_52_10_215_0.52.jpg,0.52
/home/pi/Desktop/bakal/IMG/04-16-18_52_11_216_0.54.jpg,0.54
/home/pi/Desktop/bakal/IMG/04-16-18_52_12_217_0.55.jpg,0.55
/home/pi/Desktop/bakal/IMG/04-16-18_52_12_218_0.55.jpg,0.55
/home/pi/Desktop/bakal/IMG/04-16-18_52_13_219_0.55.jpg,0.55
/home/pi/Desktop/bakal/IMG/04-16-18_52_13_220_0.55.jpg,0.55
/home/pi/Desktop/bakal/IMG/04-16-18_52_14_221_0.56.jpg,0.56
/home/pi/Desktop/bakal/IMG/04-16-18_52_15_222_0.6.jpg,0.6
/home/pi/Desktop/bakal/IMG/04-16-18_52_15_223_0.66.jpg,0.66
/home/pi/Desktop/bakal/IMG/04-16-18_52_16_224_0.72.jpg,0.72
/home/pi/Desktop/bakal/IMG/04-16-18_52_17_225_0.65.jpg,0.65
/home/pi/Desktop/bakal/IMG/04-16-18_52_17_226_0.52.jpg,0.52
/home/pi/Desktop/bakal/IMG/04-16-18_52_18_227_0.49.jpg,0.49
/home/pi/Desktop/bakal/IMG/04-16-18_52_18_228_0.49.jpg,0.49
/home/pi/Desktop/bakal/IMG/04-16-18_52_19_229_0.45.jpg,0.45
/home/pi/Desktop/bakal/IMG/04-16-18_52_20_230_0.37.jpg,0.37
/home/pi/Desktop/bakal/IMG/04-16-18_52_20_231_0.38.jpg,0.38
/home/pi/Desktop/bakal/IMG/04-16-18_52_21_232_0.35.jpg,0.35
/home/pi/Desktop/bakal/IMG/04-16-18_52_21_233_0.35.jpg,0.35
/home/pi/Desktop/bakal/IMG/04-16-18_52_22_234_0.35.jpg,0.35
/home/pi/Desktop/bakal/IMG/04-16-18_52_23_235_0.35.jpg,0.35
/home/pi/Desktop/bakal/IMG/04-16-18_52_23_236_0.35.jpg,0.35
/home/pi/Desktop/bakal/IMG/04-16-18_52_24_237_0.25.jpg,0.25
/home/pi/Desktop/bakal/IMG/04-16-18_52_24_238_0.13.jpg,0.13
/home/pi/Desktop/bakal/IMG/04-16-18_52_25_239_0.13.jpg,0.13
/home/pi/Desktop/bakal/IMG/04-16-18_52_26_240_0.75.jpg,0.75
/home/pi/Desktop/bakal/IMG/04-16-18_52_26_241_0.87.jpg,0.87
/home/pi/Desktop/bakal/IMG/04-16-18_52_27_242_1.0.jpg,1.0
/home/pi/Desktop/bakal/IMG/04-16-18_52_27_243_1.0.jpg,1.0
/home/pi/Desktop/bakal/IMG/04-16-18_52_28_244_1.0.jpg,1.0
/home/pi/Desktop/bakal/IMG/04-16-18_52_29_245_1.0.jpg,1.0
/home/pi/Desktop/bakal/IMG/04-16-18_52_29_246_0.95.jpg,0.95
/home/pi/Desktop/bakal/IMG/04-16-18_52_30_247_0.76.jpg,0.76
/home/pi/Desktop/bakal/IMG/04-16-18_52_30_248_0.6.jpg,0.6
/home/pi/Desktop/bakal/IMG/04-16-18_52_31_249_0.74.jpg,0.74
/home/pi/Desktop/bakal/IMG/04-16-18_52_32_250_0.87.jpg,0.87
/home/pi/Desktop/bakal/IMG/04-16-18_52_32_251_0.89.jpg,0.89
/home/pi/Desktop/bakal/IMG/04-16-18_52_33_252_0.76.jpg,0.76
/home/pi/Desktop/bakal/IMG/04-16-18_52_33_253_0.47.jpg,0.47
/home/pi/Desktop/bakal/IMG/04-16-18_52_34_254_0.22.jpg,0.22
/home/pi/Desktop/bakal/IMG/04-16-18_52_35_255_0.06.jpg,0.06
/home/pi/Desktop/bakal/IMG/04-16-18_52_35_256_0.17.jpg,0.17
/home/pi/Desktop/bakal/IMG/04-16-18_52_36_257_0.47.jpg,0.47
/home/pi/Desktop/bakal/IMG/04-16-18_52_36_258_0.55.jpg,0.55
/home/pi/Desktop/bakal/IMG/04-16-18_52_37_259_0.61.jpg,0.61
/home/pi/Desktop/bakal/IMG/04-16-18_52_38_260_0.71.jpg,0.71
/home/pi/Desktop/bakal/IMG/04-16-18_52_38_261_0.7.jpg,0.7
/home/pi/Desktop/bakal/IMG/04-16-18_52_39_262_0.57.jpg,0.57
/home/pi/Desktop/bakal/IMG/04-16-18_52_39_263_0.43.jpg,0.43
/home/pi/Desktop/bakal/IMG/04-16-18_52_40_264_0.43.jpg,0.43
/home/pi/Desktop/bakal/IMG/04-16-18_52_41_265_0.34.jpg,0.34
/home/pi/Desktop/bakal/IMG/04-16-18_52_41_266_0.48.jpg,0.48
/home/pi/Desktop/bakal/IMG/04-16-18_52_42_267_0.6.jpg,0.6
/home/pi/Desktop/bakal/IMG/04-16-18_52_42_268_0.65.jpg,0.65
/home/pi/Desktop/bakal/IMG/04-16-18_52_43_269_0.72.jpg,0.72
/home/pi/Desktop/bakal/IMG/04-16-18_52_44_270_0.72.jpg,0.72
/home/pi/Desktop/bakal/IMG/04-16-18_52_44_271_0.58.jpg,0.58
/home/pi/Desktop/bakal/IMG/04-16-18_52_45_272_0.5.jpg,0.5
/home/pi/Desktop/bakal/IMG/04-16-18_52_45_273_0.45.jpg,0.45
/home/pi/Desktop/bakal/IMG/04-16-18_52_46_274_0.36.jpg,0.36
/home/pi/Desktop/bakal/IMG/04-16-18_52_47_275_0.33.jpg,0.33
/home/pi/Desktop/bakal/IMG/04-16-18_52_47_276_0.35.jpg,0.35
/home/pi/Desktop/bakal/IMG/04-16-18_52_48_277_0.36.jpg,0.36
/home/pi/Desktop/bakal/IMG/04-16-18_52_49_278_0.36.jpg,0.36
/home/pi/Desktop/bakal/IMG/04-16-18_52_49_279_0.58.jpg,0.58
/home/pi/Desktop/bakal/IMG/04-16-18_52_50_280_0.75.jpg,0.75
/home/pi/Desktop/bakal/IMG/04-16-18_52_50_281_0.83.jpg,0.83
/home/pi/Desktop/bakal/IMG/04-16-18_52_51_282_0.83.jpg,0.83
/home/pi/Desktop/bakal/IMG/04-16-18_52_52_283_0.55.jpg,0.55
/home/pi/Desktop/bakal/IMG/04-16-18_52_52_284_0.42.jpg,0.42
/home/pi/Desktop/bakal/IMG/04-16-18_52_53_285_0.34.jpg,0.34
/home/pi/Desktop/bakal/IMG/04-16-18_52_53_286_0.31.jpg,0.31
/home/pi/Desktop/bakal/IMG/04-16-18_52_54_287_0.27.jpg,0.27
/home/pi/Desktop/bakal/IMG/04-16-18_52_55_288_0.52.jpg,0.52
/home/pi/Desktop/bakal/IMG/04-16-18_52_55_289_0.62.jpg,0.62
/home/pi/Desktop/bakal/IMG/04-16-18_52_56_290_0.67.jpg,0.67
/home/pi/Desktop/bakal/IMG/04-16-18_52_56_291_0.73.jpg,0.73
/home/pi/Desktop/bakal/IMG/04-16-18_52_57_292_0.7.jpg,0.7
/home/pi/Desktop/bakal/IMG/04-16-18_52_58_293_0.32.jpg,0.32
/home/pi/Desktop/bakal/IMG/04-16-18_52_58_294_0.23.jpg,0.23
/home/pi/Desktop/bakal/IMG/04-16-18_52_59_295_0.46.jpg,0.46
/home/pi/Desktop/bakal/IMG/04-16-18_53_00_296_0.71.jpg,0.71
/home/pi/Desktop/bakal/IMG/04-16-18_53_00_297_0.67.jpg,0.67
/home/pi/Desktop/bakal/IMG/04-16-18_53_01_298_0.62.jpg,0.62
/home/pi/Desktop/bakal/IMG/04-16-18_53_01_299_0.65.jpg,0.65
/home/pi/Desktop/bakal/IMG/04-16-18_53_02_300_0.63.jpg,0.63
/home/pi/Desktop/bakal/IMG/04-16-18_53_02_301_0.63.jpg,0.63
/home/pi/Desktop/bakal/IMG/04-16-18_53_03_302_0.63.jpg,0.63
/home/pi/Desktop/bakal/IMG/04-16-18_53_04_303_0.63.jpg,0.63
/home/pi/Desktop/bakal/IMG/04-16-18_53_04_304_0.63.jpg,0.63
/home/pi/Desktop/bakal/IMG/04-16-18_53_05_305_0.63.jpg,0.63
/home/pi/Desktop/bakal/IMG/04-16-18_53_05_306_0.65.jpg,0.65
/home/pi/Desktop/bakal/IMG/04-16-18_53_06_307_0.67.jpg,0.67
/home/pi/Desktop/bakal/IMG/04-16-18_53_07_308_0.55.jpg,0.55
/home/pi/Desktop/bakal/IMG/04-16-18_53_07_309_0.43.jpg,0.43
/home/pi/Desktop/bakal/IMG/04-16-18_53_08_310_0.39.jpg,0.39
/home/pi/Desktop/bakal/IMG/04-16-18_53_08_311_0.3.jpg,0.3
/home/pi/Desktop/bakal/IMG/04-16-18_53_09_312_0.21.jpg,0.21
/home/pi/Desktop/bakal/IMG/04-16-18_53_10_313_0.4.jpg,0.4
/home/pi/Desktop/bakal/IMG/04-16-18_53_10_314_0.56.jpg,0.56
/home/pi/Desktop/bakal/IMG/04-16-18_53_11_315_0.7.jpg,0.7
/home/pi/Desktop/bakal/IMG/04-16-18_53_11_316_0.73.jpg,0.73
/home/pi/Desktop/bakal/IMG/04-16-18_53_12_317_0.81.jpg,0.81
/home/pi/Desktop/bakal/IMG/04-16-18_53_13_318_0.88.jpg,0.88
/home/pi/Desktop/bakal/IMG/04-16-18_53_13_319_0.62.jpg,0.62
/home/pi/Desktop/bakal/IMG/04-16-18_53_14_320_0.41.jpg,0.41
/home/pi/Desktop/bakal/IMG/04-16-18_53_14_321_0.26.jpg,0.26
/home/pi/Desktop/bakal/IMG/04-16-18_53_15_322_0.27.jpg,0.27
/home/pi/Desktop/bakal/IMG/04-16-18_53_16_323_0.51.jpg,0.51
/home/pi/Desktop/bakal/IMG/04-16-18_53_16_324_0.66.jpg,0.66
/home/pi/Desktop/bakal/IMG/04-16-18_53_17_325_0.71.jpg,0.71
/home/pi/Desktop/bakal/IMG/04-16-18_53_18_326_0.71.jpg,0.71
/home/pi/Desktop/bakal/IMG/04-16-18_53_18_327_0.51.jpg,0.51
/home/pi/Desktop/bakal/IMG/04-16-18_53_19_328_0.27.jpg,0.27
/home/pi/Desktop/bakal/IMG/04-16-18_53_19_329_0.24.jpg,0.24
/home/pi/Desktop/bakal/IMG/04-16-18_53_20_330_0.31.jpg,0.31
/home/pi/Desktop/bakal/IMG/04-16-18_53_21_331_0.45.jpg,0.45
/home/pi/Desktop/bakal/IMG/04-16-18_53_21_332_0.57.jpg,0.57
/home/pi/Desktop/bakal/IMG/04-16-18_53_22_333_0.71.jpg,0.71
/home/pi/Desktop/bakal/IMG/04-16-18_53_22_334_0.82.jpg,0.82
/home/pi/Desktop/bakal/IMG/04-16-18_53_23_335_0.84.jpg,0.84
/home/pi/Desktop/bakal/IMG/04-16-18_53_24_336_0.78.jpg,0.78
/home/pi/Desktop/bakal/IMG/04-16-18_53_24_337_0.67.jpg,0.67
/home/pi/Desktop/bakal/IMG/04-16-18_53_25_338_0.51.jpg,0.51
/home/pi/Desktop/bakal/IMG/04-16-18_53_25_339_0.38.jpg,0.38
/home/pi/Desktop/bakal/IMG/04-16-18_53_26_340_0.26.jpg,0.26
/home/pi/Desktop/bakal/IMG/04-16-18_53_27_341_0.33.jpg,0.33
/home/pi/Desktop/bakal/IMG/04-16-18_53_27_342_0.45.jpg,0.45
/home/pi/Desktop/bakal/IMG/04-16-18_53_28_343_0.56.jpg,0.56
/home/pi/Desktop/bakal/IMG/04-16-18_53_28_344_0.68.jpg,0.68
/home/pi/Desktop/bakal/IMG/04-16-18_53_29_345_0.71.jpg,0.71
/home/pi/Desktop/bakal/IMG/04-16-18_53_30_346_0.53.jpg,0.53
/home/pi/Desktop/bakal/IMG/04-16-18_53_30_347_0.45.jpg,0.45
/home/pi/Desktop/bakal/IMG/04-16-18_53_31_348_0.45.jpg,0.45
/home/pi/Desktop/bakal/IMG/04-16-18_53_31_349_0.45.jpg,0.45
/home/pi/Desktop/bakal/IMG/04-16-18_53_32_350_0.45.jpg,0.45
/home/pi/Desktop/bakal/IMG/04-16-18_53_33_351_0.45.jpg,0.45
/home/pi/Desktop/bakal/IMG/04-16-18_53_33_352_0.45.jpg,0.45
/home/pi/Desktop/bakal/IMG/04-16-18_53_34_353_0.45.jpg,0.45
/home/pi/Desktop/bakal/IMG/04-16-18_53_34_354_0.45.jpg,0.45
/home/pi/Desktop/bakal/IMG/04-16-18_53_35_355_0.45.jpg,0.45
/home/pi/Desktop/bakal/IMG/04-16-18_53_36_356_0.63.jpg,0.63
/home/pi/Desktop/bakal/IMG/04-16-18_53_36_357_0.69.jpg,0.69
/home/pi/Desktop/bakal/IMG/04-16-18_53_37_358_0.72.jpg,0.72
/home/pi/Desktop/bakal/IMG/04-16-18_53_37_359_0.58.jpg,0.58
/home/pi/Desktop/bakal/IMG/04-16-18_53_38_360_0.39.jpg,0.39
/home/pi/Desktop/bakal/IMG/04-16-18_53_39_361_0.4.jpg,0.4
/home/pi/Desktop/bakal/IMG/04-16-18_53_39_362_0.52.jpg,0.52
/home/pi/Desktop/bakal/IMG/04-16-18_53_40_363_0.53.jpg,0.53
/home/pi/Desktop/bakal/IMG/04-16-18_53_40_364_0.53.jpg,0.53
/home/pi/Desktop/bakal/IMG/04-16-18_53_41_365_0.53.jpg,0.53
/home/pi/Desktop/bakal/IMG/04-16-18_53_42_366_0.53.jpg,0.53
/home/pi/Desktop/bakal/IMG/04-16-18_53_42_367_0.53.jpg,0.53
/home/pi/Desktop/bakal/IMG/04-16-18_53_43_368_0.53.jpg,0.53
/home/pi/Desktop/bakal/IMG/04-16-18_53_43_369_0.53.jpg,0.53
/home/pi/Desktop/bakal/IMG/04-16-18_53_44_370_0.53.jpg,0.53
/home/pi/Desktop/bakal/IMG/04-16-18_53_45_371_0.55.jpg,0.55
/home/pi/Desktop/bakal/IMG/04-16-18_53_45_372_0.67.jpg,0.67
/home/pi/Desktop/bakal/IMG/04-16-18_53_46_373_0.81.jpg,0.81
/home/pi/Desktop/bakal/IMG/04-16-18_53_46_374_0.83.jpg,0.83
/home/pi/Desktop/bakal/IMG/04-16-18_53_47_375_0.56.jpg,0.56
/home/pi/Desktop/bakal/IMG/04-16-18_53_48_376_0.39.jpg,0.39
/home/pi/Desktop/bakal/IMG/04-16-18_53_48_377_0.24.jpg,0.24
/home/pi/Desktop/bakal/IMG/04-16-18_53_49_378_0.17.jpg,0.17
/home/pi/Desktop/bakal/IMG/04-16-18_53_50_379_0.26.jpg,0.26
/home/pi/Desktop/bakal/IMG/04-16-18_53_50_380_0.56.jpg,0.56
/home/pi/Desktop/bakal/IMG/04-16-18_53_51_381_0.78.jpg,0.78
/home/pi/Desktop/bakal/IMG/04-16-18_53_51_382_0.89.jpg,0.89
/home/pi/Desktop/bakal/IMG/04-16-18_53_52_383_0.98.jpg,0.98
/home/pi/Desktop/bakal/IMG/04-16-18_53_53_384_0.96.jpg,0.96
/home/pi/Desktop/bakal/IMG/04-16-18_53_53_385_0.77.jpg,0.77
/home/pi/Desktop/bakal/IMG/04-16-18_53_54_386_0.51.jpg,0.51
/home/pi/Desktop/bakal/IMG/04-16-18_53_54_387_0.37.jpg,0.37
/home/pi/Desktop/bakal/IMG/04-16-18_53_55_388_0.29.jpg,0.29
/home/pi/Desktop/bakal/IMG/04-16-18_53_56_389_0.24.jpg,0.24
/home/pi/Desktop/bakal/IMG/04-16-18_53_56_390_0.3.jpg,0.3
/home/pi/Desktop/bakal/IMG/04-16-18_53_57_391_0.6.jpg,0.6
/home/pi/Desktop/bakal/IMG/04-16-18_53_57_392_0.75.jpg,0.75
/home/pi/Desktop/bakal/IMG/04-16-18_53_58_393_0.79.jpg,0.79
/home/pi/Desktop/bakal/IMG/04-16-18_53_59_394_0.78.jpg,0.78
/home/pi/Desktop/bakal/IMG/04-16-18_53_59_395_0.66.jpg,0.66
/home/pi/Desktop/bakal/IMG/04-16-18_54_00_396_0.54.jpg,0.54
/home/pi/Desktop/bakal/IMG/04-16-18_54_00_397_0.52.jpg,0.52
/home/pi/Desktop/bakal/IMG/04-16-18_54_01_398_0.53.jpg,0.53
/home/pi/Desktop/bakal/IMG/04-16-18_54_02_399_0.7.jpg,0.7
/home/pi/Desktop/bakal/IMG/04-16-18_54_02_400_0.79.jpg,0.79
/home/pi/Desktop/bakal/IMG/04-16-18_54_03_401_0.57.jpg,0.57
/home/pi/Desktop/bakal/IMG/04-16-18_54_03_402_0.33.jpg,0.33
/home/pi/Desktop/bakal/IMG/04-16-18_54_04_403_0.25.jpg,0.25
/home/pi/Desktop/bakal/IMG/04-16-18_54_05_404_0.22.jpg,0.22
/home/pi/Desktop/bakal/IMG/04-16-18_54_05_405_0.22.jpg,0.22
/home/pi/Desktop/bakal/IMG/04-16-18_54_06_406_0.61.jpg,0.61
/home/pi/Desktop/bakal/IMG/04-16-18_54_06_407_0.82.jpg,0.82
/home/pi/Desktop/bakal/IMG/04-16-18_54_07_408_0.8.jpg,0.8
/home/pi/Desktop/bakal/IMG/04-16-18_54_08_409_0.61.jpg,0.61
/home/pi/Desktop/bakal/IMG/04-16-18_54_08_410_0.61.jpg,0.61
/home/pi/Desktop/bakal/IMG/04-16-18_54_09_411_0.61.jpg,0.61
/home/pi/Desktop/bakal/IMG/04-16-18_54_09_412_0.73.jpg,0.73
/home/pi/Desktop/bakal/IMG/04-16-18_54_10_413_0.71.jpg,0.71
/home/pi/Desktop/bakal/IMG/04-16-18_54_11_414_0.52.jpg,0.52
/home/pi/Desktop/bakal/IMG/04-16-18_54_11_415_0.37.jpg,0.37
/home/pi/Desktop/bakal/IMG/04-16-18_54_12_416_0.27.jpg,0.27
/home/pi/Desktop/bakal/IMG/04-16-18_54_12_417_0.34.jpg,0.34
/home/pi/Desktop/bakal/IMG/04-16-18_54_13_418_0.4.jpg,0.4
/home/pi/Desktop/bakal/IMG/04-16-18_54_14_419_0.22.jpg,0.22
/home/pi/Desktop/bakal/IMG/04-16-18_54_14_420_0.35.jpg,0.35
/home/pi/Desktop/bakal/IMG/04-16-18_54_15_421_0.65.jpg,0.65
/home/pi/Desktop/bakal/IMG/04-16-18_54_15_422_0.76.jpg,0.76
/home/pi/Desktop/bakal/IMG/04-16-18_54_16_423_0.76.jpg,0.76
/home/pi/Desktop/bakal/IMG/04-16-18_54_17_424_0.76.jpg,0.76
/home/pi/Desktop/bakal/IMG/04-16-18_54_17_425_0.76.jpg,0.76
/home/pi/Desktop/bakal/IMG/04-16-18_54_18_426_0.73.jpg,0.73
/home/pi/Desktop/bakal/IMG/04-16-18_54_18_427_0.72.jpg,0.72
/home/pi/Desktop/bakal/IMG/04-16-18_54_19_428_0.92.jpg,0.92
/home/pi/Desktop/bakal/IMG/04-16-18_54_20_429_0.78.jpg,0.78
/home/pi/Desktop/bakal/IMG/04-16-18_54_20_430_0.36.jpg,0.36
/home/pi/Desktop/bakal/IMG/04-16-18_54_21_431_0.22.jpg,0.22
/home/pi/Desktop/bakal/IMG/04-16-18_54_22_432_0.1.jpg,0.1
/home/pi/Desktop/bakal/IMG/04-16-18_54_22_433_0.06.jpg,0.06
/home/pi/Desktop/bakal/IMG/04-16-18_54_23_434_0.05.jpg,0.05
/home/pi/Desktop/bakal/IMG/04-16-18_54_23_435_0.35.jpg,0.35
/home/pi/Desktop/bakal/IMG/04-16-18_54_24_436_0.58.jpg,0.58
/home/pi/Desktop/bakal/IMG/04-16-18_54_25_437_0.45.jpg,0.45
/home/pi/Desktop/bakal/IMG/04-16-18_54_25_438_0.46.jpg,0.46
/home/pi/Desktop/bakal/IMG/04-16-18_54_26_439_0.46.jpg,0.46
/home/pi/Desktop/bakal/IMG/04-16-18_54_26_440_0.48.jpg,0.48
/home/pi/Desktop/bakal/IMG/04-16-18_54_27_441_0.65.jpg,0.65
/home/pi/Desktop/bakal/IMG/04-16-18_54_28_442_0.7.jpg,0.7
/home/pi/Desktop/bakal/IMG/04-16-18_54_28_443_0.72.jpg,0.72
/home/pi/Desktop/bakal/IMG/04-16-18_54_29_444_0.72.jpg,0.72
/home/pi/Desktop/bakal/IMG/04-16-18_54_29_445_0.74.jpg,0.74
/home/pi/Desktop/bakal/IMG/04-16-18_54_30_446_0.74.jpg,0.74
/home/pi/Desktop/bakal/IMG/04-16-18_54_31_447_0.74.jpg,0.74
/home/pi/Desktop/bakal/IMG/04-16-18_54_31_448_0.74.jpg,0.74
/home/pi/Desktop/bakal/IMG/04-16-18_54_32_449_0.67.jpg,0.67
/home/pi/Desktop/bakal/IMG/04-16-18_54_32_450_0.36.jpg,0.36
/home/pi/Desktop/bakal/IMG/04-16-18_54_33_451_0.16.jpg,0.16
/home/pi/Desktop/bakal/IMG/04-16-18_54_34_452_0.12.jpg,0.12
/home/pi/Desktop/bakal/IMG/04-16-18_54_34_453_0.24.jpg,0.24
/home/pi/Desktop/bakal/IMG/04-16-18_54_35_454_0.3.jpg,0.3
/home/pi/Desktop/bakal/IMG/04-16-18_54_35_455_0.35.jpg,0.35
/home/pi/Desktop/bakal/IMG/04-16-18_54_36_456_0.36.jpg,0.36
/home/pi/Desktop/bakal/IMG/04-16-18_54_37_457_0.36.jpg,0.36
/home/pi/Desktop/bakal/IMG/04-16-18_54_37_458_0.72.jpg,0.72
/home/pi/Desktop/bakal/IMG/04-16-18_54_38_459_0.82.jpg,0.82
/home/pi/Desktop/bakal/IMG/04-16-18_54_38_460_0.87.jpg,0.87
/home/pi/Desktop/bakal/IMG/04-16-18_54_39_461_0.93.jpg,0.93
/home/pi/Desktop/bakal/IMG/04-16-18_54_40_462_0.85.jpg,0.85
/home/pi/Desktop/bakal/IMG/04-16-18_54_40_463_0.63.jpg,0.63
/home/pi/Desktop/bakal/IMG/04-16-18_54_41_464_0.76.jpg,0.76
/home/pi/Desktop/bakal/IMG/04-16-18_54_41_465_0.89.jpg,0.89
/home/pi/Desktop/bakal/IMG/04-16-18_54_42_466_0.86.jpg,0.86
/home/pi/Desktop/bakal/IMG/04-16-18_54_43_467_0.74.jpg,0.74
/home/pi/Desktop/bakal/IMG/04-16-18_54_43_468_0.68.jpg,0.68
/home/pi/Desktop/bakal/IMG/04-16-18_54_44_469_0.56.jpg,0.56
/home/pi/Desktop/bakal/IMG/04-16-18_54_44_470_0.37.jpg,0.37
/home/pi/Desktop/bakal/IMG/04-16-18_54_45_471_0.36.jpg,0.36
/home/pi/Desktop/bakal/IMG/04-16-18_54_46_472_0.17.jpg,0.17
/home/pi/Desktop/bakal/IMG/04-16-18_54_46_473_0.02.jpg,0.02
/home/pi/Desktop/bakal/IMG/04-16-18_54_47_474_0.39.jpg,0.39
/home/pi/Desktop/bakal/IMG/04-16-18_54_47_475_0.54.jpg,0.54
/home/pi/Desktop/bakal/IMG/04-16-18_54_48_476_0.68.jpg,0.68
/home/pi/Desktop/bakal/IMG/04-16-18_54_49_477_0.75.jpg,0.75
/home/pi/Desktop/bakal/IMG/04-16-18_54_49_478_0.78.jpg,0.78
/home/pi/Desktop/bakal/IMG/04-16-18_54_50_479_0.64.jpg,0.64
/home/pi/Desktop/bakal/IMG/04-16-18_54_50_480_0.49.jpg,0.49
/home/pi/Desktop/bakal/IMG/04-16-18_54_51_481_0.43.jpg,0.43
/home/pi/Desktop/bakal/IMG/04-16-18_54_52_482_0.38.jpg,0.38
/home/pi/Desktop/bakal/IMG/04-16-18_54_52_483_0.33.jpg,0.33
/home/pi/Desktop/bakal/IMG/04-16-18_54_53_484_0.37.jpg,0.37
/home/pi/Desktop/bakal/IMG/04-16-18_54_54_485_0.55.jpg,0.55
/home/pi/Desktop/bakal/IMG/04-16-18_54_54_486_0.59.jpg,0.59
/home/pi/Desktop/bakal/IMG/04-16-18_54_55_487_0.67.jpg,0.67
/home/pi/Desktop/bakal/IMG/04-16-18_54_55_488_0.8.jpg,0.8
/home/pi/Desktop/bakal/IMG/04-16-18_54_56_489_0.71.jpg,0.71
/home/pi/Desktop/bakal/IMG/04-16-18_54_57_490_0.54.jpg,0.54
/home/pi/Desktop/bakal/IMG/04-16-18_54_57_491_0.52.jpg,0.52
/home/pi/Desktop/bakal/IMG/04-16-18_54_58_492_0.45.jpg,0.45
/home/pi/Desktop/bakal/IMG/04-16-18_54_58_493_0.27.jpg,0.27
/home/pi/Desktop/bakal/IMG/04-16-18_54_59_494_0.14.jpg,0.14
/home/pi/Desktop/bakal/IMG/04-16-18_55_00_495_0.19.jpg,0.19
/home/pi/Desktop/bakal/IMG/04-16-18_55_00_496_0.48.jpg,0.48
/home/pi/Desktop/bakal/IMG/04-16-18_55_01_497_0.62.jpg,0.62
/home/pi/Desktop/bakal/IMG/04-16-18_55_01_498_0.79.jpg,0.79
/home/pi/Desktop/bakal/IMG/04-16-18_55_02_499_0.9.jpg,0.9
/home/pi/Desktop/bakal/IMG/04-16-18_55_03_500_0.93.jpg,0.93
/home/pi/Desktop/bakal/IMG/04-16-18_55_03_501_0.82.jpg,0.82
/home/pi/Desktop/bakal/IMG/04-16-18_55_04_502_0.73.jpg,0.73
/home/pi/Desktop/bakal/IMG/04-16-18_55_04_503_0.73.jpg,0.73
/home/pi/Desktop/bakal/IMG/04-16-18_55_05_504_0.73.jpg,0.73
/home/pi/Desktop/bakal/IMG/04-16-18_55_06_505_0.73.jpg,0.73
/home/pi/Desktop/bakal/IMG/04-16-18_55_06_506_0.73.jpg,0.73
/home/pi/Desktop/bakal/IMG/04-16-18_55_07_507_0.73.jpg,0.73
/home/pi/Desktop/bakal/IMG/04-16-18_55_07_508_0.62.jpg,0.62
/home/pi/Desktop/bakal/IMG/04-16-18_55_08_509_0.43.jpg,0.43
/home/pi/Desktop/bakal/IMG/04-16-18_55_09_510_0.34.jpg,0.34
/home/pi/Desktop/bakal/IMG/04-16-18_55_09_511_0.28.jpg,0.28
/home/pi/Desktop/bakal/IMG/04-16-18_55_10_512_0.18.jpg,0.18
/home/pi/Desktop/bakal/IMG/04-16-18_55_10_513_0.36.jpg,0.36
/home/pi/Desktop/bakal/IMG/04-16-18_55_11_514_0.57.jpg,0.57
/home/pi/Desktop/bakal/IMG/04-16-18_55_12_515_0.65.jpg,0.65
/home/pi/Desktop/bakal/IMG/04-16-18_55_12_516_0.68.jpg,0.68
/home/pi/Desktop/bakal/IMG/04-16-18_55_13_517_0.74.jpg,0.74
/home/pi/Desktop/bakal/IMG/04-16-18_55_13_518_0.82.jpg,0.82
/home/pi/Desktop/bakal/IMG/04-16-18_55_14_519_0.83.jpg,0.83
/home/pi/Desktop/bakal/IMG/04-16-18_55_15_520_0.72.jpg,0.72
/home/pi/Desktop/bakal/IMG/04-16-18_55_15_521_0.6.jpg,0.6
/home/pi/Desktop/bakal/IMG/04-16-18_55_16_522_0.53.jpg,0.53
/home/pi/Desktop/bakal/IMG/04-16-18_55_16_523_0.48.jpg,0.48
/home/pi/Desktop/bakal/IMG/04-16-18_55_17_524_0.46.jpg,0.46
/home/pi/Desktop/bakal/IMG/04-16-18_55_18_525_0.39.jpg,0.39
/home/pi/Desktop/bakal/IMG/04-16-18_55_18_526_0.25.jpg,0.25
/home/pi/Desktop/bakal/IMG/04-16-18_55_19_527_0.23.jpg,0.23
/home/pi/Desktop/bakal/IMG/04-16-18_55_19_528_0.51.jpg,0.51
/home/pi/Desktop/bakal/IMG/04-16-18_55_20_529_0.7.jpg,0.7
/home/pi/Desktop/bakal/IMG/04-16-18_55_21_530_0.81.jpg,0.81
/home/pi/Desktop/bakal/IMG/04-16-18_55_21_531_0.81.jpg,0.81
/home/pi/Desktop/bakal/IMG/04-16-18_55_22_532_0.79.jpg,0.79
/home/pi/Desktop/bakal/IMG/04-16-18_55_23_533_0.78.jpg,0.78
/home/pi/Desktop/bakal/IMG/04-16-18_55_23_534_0.55.jpg,0.55
/home/pi/Desktop/bakal/IMG/04-16-18_55_24_535_0.4.jpg,0.4
/home/pi/Desktop/bakal/IMG/04-16-18_55_24_536_0.37.jpg,0.37
/home/pi/Desktop/bakal/IMG/04-16-18_55_25_537_0.36.jpg,0.36
/home/pi/Desktop/bakal/IMG/04-16-18_55_26_538_0.36.jpg,0.36
/home/pi/Desktop/bakal/IMG/04-16-18_55_26_539_0.24.jpg,0.24
/home/pi/Desktop/bakal/IMG/04-16-18_55_27_540_0.19.jpg,0.19
/home/pi/Desktop/bakal/IMG/04-16-18_55_27_541_0.43.jpg,0.43
/home/pi/Desktop/bakal/IMG/04-16-18_55_28_542_0.63.jpg,0.63
/home/pi/Desktop/bakal/IMG/04-16-18_55_29_543_0.77.jpg,0.77
/home/pi/Desktop/bakal/IMG/04-16-18_55_29_544_0.84.jpg,0.84
/home/pi/Desktop/bakal/IMG/04-16-18_55_30_545_0.57.jpg,0.57
/home/pi/Desktop/bakal/IMG/04-16-18_55_30_546_0.35.jpg,0.35
/home/pi/Desktop/bakal/IMG/04-16-18_55_31_547_0.31.jpg,0.31
/home/pi/Desktop/bakal/IMG/04-16-18_55_32_548_0.56.jpg,0.56
/home/pi/Desktop/bakal/IMG/04-16-18_55_32_549_0.73.jpg,0.73
/home/pi/Desktop/bakal/IMG/04-16-18_55_33_550_0.82.jpg,0.82
/home/pi/Desktop/bakal/IMG/04-16-18_55_33_551_0.85.jpg,0.85
/home/pi/Desktop/bakal/IMG/04-16-18_55_34_552_0.53.jpg,0.53
/home/pi/Desktop/bakal/IMG/04-16-18_55_35_553_0.44.jpg,0.44
/home/pi/Desktop/bakal/IMG/04-16-18_55_35_554_0.25.jpg,0.25
/home/pi/Desktop/bakal/IMG/04-16-18_55_36_555_0.18.jpg,0.18
/home/pi/Desktop/bakal/IMG/04-16-18_55_36_556_0.51.jpg,0.51
/home/pi/Desktop/bakal/IMG/04-16-18_55_37_557_0.72.jpg,0.72
/home/pi/Desktop/bakal/IMG/04-16-18_55_38_558_0.79.jpg,0.79
/home/pi/Desktop/bakal/IMG/04-16-18_55_38_559_0.63.jpg,0.63
/home/pi/Desktop/bakal/IMG/04-16-18_55_39_560_0.41.jpg,0.41
/home/pi/Desktop/bakal/IMG/04-16-18_55_39_561_0.18.jpg,0.18
/home/pi/Desktop/bakal/IMG/04-16-18_55_40_562_0.3.jpg,0.3
/home/pi/Desktop/bakal/IMG/04-16-18_55_41_563_0.54.jpg,0.54
/home/pi/Desktop/bakal/IMG/04-16-18_55_41_564_0.68.jpg,0.68
/home/pi/Desktop/bakal/IMG/04-16-18_55_42_565_0.68.jpg,0.68
/home/pi/Desktop/bakal/IMG/04-16-18_55_42_566_0.77.jpg,0.77
/home/pi/Desktop/bakal/IMG/04-16-18_55_43_567_0.77.jpg,0.77
/home/pi/Desktop/bakal/IMG/04-16-18_55_44_568_0.76.jpg,0.76
/home/pi/Desktop/bakal/IMG/04-16-18_55_44_569_0.79.jpg,0.79
/home/pi/Desktop/bakal/IMG/04-16-18_55_45_570_0.79.jpg,0.79
/home/pi/Desktop/bakal/IMG/04-16-18_55_45_571_0.49.jpg,0.49
/home/pi/Desktop/bakal/IMG/04-16-18_55_46_572_0.36.jpg,0.36
/home/pi/Desktop/bakal/IMG/04-16-18_55_47_573_0.28.jpg,0.28
/home/pi/Desktop/bakal/IMG/04-16-18_55_47_574_0.15.jpg,0.15
/home/pi/Desktop/bakal/IMG/04-16-18_55_48_575_0.17.jpg,0.17
/home/pi/Desktop/bakal/IMG/04-16-18_55_48_576_0.18.jpg,0.18
/home/pi/Desktop/bakal/IMG/04-16-18_55_49_577_0.35.jpg,0.35
/home/pi/Desktop/bakal/IMG/04-16-18_55_50_578_0.61.jpg,0.61
/home/pi/Desktop/bakal/IMG/04-16-18_55_50_579_0.72.jpg,0.72
/home/pi/Desktop/bakal/IMG/04-16-18_55_51_580_0.66.jpg,0.66
/home/pi/Desktop/bakal/IMG/04-16-18_55_51_581_0.57.jpg,0.57
/home/pi/Desktop/bakal/IMG/04-16-18_55_52_582_0.58.jpg,0.58
/home/pi/Desktop/bakal/IMG/04-16-18_55_53_583_0.58.jpg,0.58
/home/pi/Desktop/bakal/IMG/04-16-18_55_53_584_0.58.jpg,0.58
/home/pi/Desktop/bakal/IMG/04-16-18_55_54_585_0.63.jpg,0.63
/home/pi/Desktop/bakal/IMG/04-16-18_55_55_586_0.79.jpg,0.79
/home/pi/Desktop/bakal/IMG/04-16-18_55_55_587_0.69.jpg,0.69
/home/pi/Desktop/bakal/IMG/04-16-18_55_56_588_0.53.jpg,0.53
/home/pi/Desktop/bakal/IMG/04-16-18_55_56_589_0.49.jpg,0.49
/home/pi/Desktop/bakal/IMG/04-16-18_55_57_590_0.41.jpg,0.41
/home/pi/Desktop/bakal/IMG/04-16-18_55_58_591_0.28.jpg,0.28
/home/pi/Desktop/bakal/IMG/04-16-18_55_58_592_0.26.jpg,0.26
/home/pi/Desktop/bakal/IMG/04-16-18_55_59_593_0.48.jpg,0.48
/home/pi/Desktop/bakal/IMG/04-16-18_55_59_594_0.61.jpg,0.61
/home/pi/Desktop/bakal/IMG/04-16-18_56_00_595_0.67.jpg,0.67
/home/pi/Desktop/bakal/IMG/04-16-18_56_01_596_0.82.jpg,0.82
/home/pi/Desktop/bakal/IMG/04-16-18_56_01_597_0.93.jpg,0.93
/home/pi/Desktop/bakal/IMG/04-16-18_56_02_598_0.91.jpg,0.91
/home/pi/Desktop/bakal/IMG/04-16-18_56_02_599_0.69.jpg,0.69
/home/pi/Desktop/bakal/IMG/04-16-18_56_03_600_0.51.jpg,0.51
/home/pi/Desktop/bakal/IMG/04-16-18_56_04_601_0.48.jpg,0.48
/home/pi/Desktop/bakal/IMG/04-16-18_56_04_602_0.47.jpg,0.47
/home/pi/Desktop/bakal/IMG/04-16-18_56_05_603_0.38.jpg,0.38
/home/pi/Desktop/bakal/IMG/04-16-18_56_05_604_0.32.jpg,0.32
/home/pi/Desktop/bakal/IMG/04-16-18_56_06_605_0.32.jpg,0.32
/home/pi/Desktop/bakal/IMG/04-16-18_56_07_606_0.32.jpg,0.32
/home/pi/Desktop/bakal/IMG/04-16-18_56_07_607_0.43.jpg,0.43
/home/pi/Desktop/bakal/IMG/04-16-18_56_08_608_0.58.jpg,0.58
/home/pi/Desktop/bakal/IMG/04-16-18_56_08_609_0.69.jpg,0.69
/home/pi/Desktop/bakal/IMG/04-16-18_56_09_610_0.84.jpg,0.84
/home/pi/Desktop/bakal/IMG/04-16-18_56_10_611_0.9.jpg,0.9
/home/pi/Desktop/bakal/IMG/04-16-18_56_10_612_0.71.jpg,0.71
/home/pi/Desktop/bakal/IMG/04-16-18_56_11_613_0.59.jpg,0.59
/home/pi/Desktop/bakal/IMG/04-16-18_56_11_614_0.51.jpg,0.51
/home/pi/Desktop/bakal/IMG/04-16-18_56_12_615_0.48.jpg,0.48
/home/pi/Desktop/bakal/IMG/04-16-18_56_13_616_0.5.jpg,0.5
/home/pi/Desktop/bakal/IMG/04-16-18_56_13_617_0.52.jpg,0.52
/home/pi/Desktop/bakal/IMG/04-16-18_56_14_618_0.52.jpg,0.52
/home/pi/Desktop/bakal/IMG/04-16-18_56_14_619_0.52.jpg,0.52
/home/pi/Desktop/bakal/IMG/04-16-18_56_15_620_0.61.jpg,0.61
/home/pi/Desktop/bakal/IMG/04-16-18_56_16_621_0.79.jpg,0.79
/home/pi/Desktop/bakal/IMG/04-16-18_56_16_622_0.8.jpg,0.8
/home/pi/Desktop/bakal/IMG/04-16-18_56_17_623_0.5.jpg,0.5
/home/pi/Desktop/bakal/IMG/04-16-18_56_17_624_0.36.jpg,0.36
/home/pi/Desktop/bakal/IMG/04-16-18_56_18_625_0.23.jpg,0.23
/home/pi/Desktop/bakal/IMG/04-16-18_56_19_626_0.15.jpg,0.15
/home/pi/Desktop/bakal/IMG/04-16-18_56_19_627_0.11.jpg,0.11
/home/pi/Desktop/bakal/IMG/04-16-18_56_20_628_0.47.jpg,0.47
/home/pi/Desktop/bakal/IMG/04-16-18_56_20_629_0.71.jpg,0.71
/home/pi/Desktop/bakal/IMG/04-16-18_56_21_630_0.83.jpg,0.83
/home/pi/Desktop/bakal/IMG/04-16-18_56_22_631_0.92.jpg,0.92
/home/pi/Desktop/bakal/IMG/04-16-18_56_22_632_0.61.jpg,0.61
/home/pi/Desktop/bakal/IMG/04-16-18_56_23_633_0.54.jpg,0.54
/home/pi/Desktop/bakal/IMG/04-16-18_56_23_634_0.55.jpg,0.55
/home/pi/Desktop/bakal/IMG/04-16-18_56_24_635_0.57.jpg,0.57
/home/pi/Desktop/bakal/IMG/04-16-18_56_25_636_0.68.jpg,0.68
/home/pi/Desktop/bakal/IMG/04-16-18_56_25_637_0.84.jpg,0.84
/home/pi/Desktop/bakal/IMG/04-16-18_56_26_638_0.77.jpg,0.77
/home/pi/Desktop/bakal/IMG/04-16-18_56_27_639_0.52.jpg,0.52
/home/pi/Desktop/bakal/IMG/04-16-18_56_27_640_0.44.jpg,0.44
/home/pi/Desktop/bakal/IMG/04-16-18_56_28_641_0.4.jpg,0.4
/home/pi/Desktop/bakal/IMG/04-16-18_56_28_642_0.29.jpg,0.29
/home/pi/Desktop/bakal/IMG/04-16-18_56_29_643_0.34.jpg,0.34
/home/pi/Desktop/bakal/IMG/04-16-18_56_30_644_0.63.jpg,0.63
/home/pi/Desktop/bakal/IMG/04-16-18_56_30_645_0.71.jpg,0.71
/home/pi/Desktop/bakal/IMG/04-16-18_56_31_646_0.76.jpg,0.76
/home/pi/Desktop/bakal/IMG/04-16-18_56_31_647_0.78.jpg,0.78
/home/pi/Desktop/bakal/IMG/04-16-18_56_32_648_0.55.jpg,0.55
/home/pi/Desktop/bakal/IMG/04-16-18_56_33_649_0.32.jpg,0.32
/home/pi/Desktop/bakal/IMG/04-16-18_56_33_650_0.17.jpg,0.17
/home/pi/Desktop/bakal/IMG/04-16-18_56_34_651_0.21.jpg,0.21
/home/pi/Desktop/bakal/IMG/04-16-18_56_34_652_0.48.jpg,0.48
/home/pi/Desktop/bakal/IMG/04-16-18_56_35_653_0.64.jpg,0.64
/home/pi/Desktop/bakal/IMG/04-16-18_56_36_654_0.68.jpg,0.68
/home/pi/Desktop/bakal/IMG/04-16-18_56_36_655_0.82.jpg,0.82
/home/pi/Desktop/bakal/IMG/04-16-18_56_37_656_0.84.jpg,0.84
/home/pi/Desktop/bakal/IMG/04-16-18_56_37_657_0.65.jpg,0.65
/home/pi/Desktop/bakal/IMG/04-16-18_56_38_658_0.4.jpg,0.4
/home/pi/Desktop/bakal/IMG/04-16-18_56_39_659_0.32.jpg,0.32
/home/pi/Desktop/bakal/IMG/04-16-18_56_39_660_0.3.jpg,0.3
/home/pi/Desktop/bakal/IMG/04-16-18_56_40_661_0.33.jpg,0.33
/home/pi/Desktop/bakal/IMG/04-16-18_56_40_662_0.35.jpg,0.35
/home/pi/Desktop/bakal/IMG/04-16-18_56_41_663_0.38.jpg,0.38
/home/pi/Desktop/bakal/IMG/04-16-18_56_42_664_0.26.jpg,0.26
/home/pi/Desktop/bakal/IMG/04-16-18_56_42_665_0.22.jpg,0.22
/home/pi/Desktop/bakal/IMG/04-16-18_56_43_666_0.55.jpg,0.55
/home/pi/Desktop/bakal/IMG/04-16-18_56_43_667_0.8.jpg,0.8
/home/pi/Desktop/bakal/IMG/04-16-18_56_44_668_0.95.jpg,0.95
/home/pi/Desktop/bakal/IMG/04-16-18_56_45_669_1.0.jpg,1.0
/home/pi/Desktop/bakal/IMG/04-16-18_56_45_670_1.0.jpg,1.0
/home/pi/Desktop/bakal/IMG/04-16-18_56_46_671_0.72.jpg,0.72
/home/pi/Desktop/bakal/IMG/04-16-18_56_46_672_0.69.jpg,0.69
/home/pi/Desktop/bakal/IMG/04-16-18_56_47_673_0.71.jpg,0.71
/home/pi/Desktop/bakal/IMG/04-16-18_56_48_674_0.68.jpg,0.68
/home/pi/Desktop/bakal/IMG/04-16-18_56_48_675_0.79.jpg,0.79
/home/pi/Desktop/bakal/IMG/04-16-18_56_49_676_0.85.jpg,0.85
/home/pi/Desktop/bakal/IMG/04-16-18_56_49_677_0.86.jpg,0.86
/home/pi/Desktop/bakal/IMG/04-16-18_56_50_678_0.61.jpg,0.61
/home/pi/Desktop/bakal/IMG/04-16-18_56_51_679_0.57.jpg,0.57
/home/pi/Desktop/bakal/IMG/04-16-18_56_51_680_0.67.jpg,0.67
/home/pi/Desktop/bakal/IMG/04-16-18_56_52_681_0.39.jpg,0.39
/home/pi/Desktop/bakal/IMG/04-16-18_56_52_682_0.27.jpg,0.27
/home/pi/Desktop/bakal/IMG/04-16-18_56_53_683_0.18.jpg,0.18
/home/pi/Desktop/bakal/IMG/04-16-18_56_54_684_0.31.jpg,0.31
/home/pi/Desktop/bakal/IMG/04-16-18_56_54_685_0.54.jpg,0.54
/home/pi/Desktop/bakal/IMG/04-16-18_56_55_686_0.65.jpg,0.65
/home/pi/Desktop/bakal/IMG/04-16-18_56_55_687_0.71.jpg,0.71
/home/pi/Desktop/bakal/IMG/04-16-18_56_56_688_0.78.jpg,0.78
/home/pi/Desktop/bakal/IMG/04-16-18_56_57_689_0.72.jpg,0.72
/home/pi/Desktop/bakal/IMG/04-16-18_56_57_690_0.66.jpg,0.66
/home/pi/Desktop/bakal/IMG/04-16-18_56_58_691_0.66.jpg,0.66
/home/pi/Desktop/bakal/IMG/04-16-18_56_59_692_0.6.jpg,0.6
/home/pi/Desktop/bakal/IMG/04-16-18_56_59_693_0.57.jpg,0.57
/home/pi/Desktop/bakal/IMG/04-16-18_57_00_694_0.53.jpg,0.53
/home/pi/Desktop/bakal/IMG/04-16-18_57_00_695_0.53.jpg,0.53
/home/pi/Desktop/bakal/IMG/04-16-18_57_01_696_0.53.jpg,0.53
/home/pi/Desktop/bakal/IMG/04-16-18_57_02_697_0.53.jpg,0.53
/home/pi/Desktop/bakal/IMG/04-16-18_57_02_698_0.51.jpg,0.51
/home/pi/Desktop/bakal/IMG/04-16-18_57_03_699_0.45.jpg,0.45
/home/pi/Desktop/bakal/IMG/04-16-18_57_03_700_0.45.jpg,0.45
/home/pi/Desktop/bakal/IMG/04-16-18_57_04_701_0.45.jpg,0.45
/home/pi/Desktop/bakal/IMG/04-16-18_57_05_702_0.44.jpg,0.44
/home/pi/Desktop/bakal/IMG/04-16-18_57_05_703_0.42.jpg,0.42
/home/pi/Desktop/bakal/IMG/04-16-18_57_06_704_0.32.jpg,0.32
/home/pi/Desktop/bakal/IMG/04-16-18_57_06_705_0.32.jpg,0.32
/home/pi/Desktop/bakal/IMG/04-16-18_57_07_706_0.26.jpg,0.26
/home/pi/Desktop/bakal/IMG/04-16-18_57_08_707_0.24.jpg,0.24
/home/pi/Desktop/bakal/IMG/04-16-18_57_08_708_0.23.jpg,0.23
/home/pi/Desktop/bakal/IMG/04-16-18_57_09_709_0.38.jpg,0.38
/home/pi/Desktop/bakal/IMG/04-16-18_57_09_710_0.53.jpg,0.53
/home/pi/Desktop/bakal/IMG/04-16-18_57_10_711_0.75.jpg,0.75
/home/pi/Desktop/bakal/IMG/04-16-18_57_11_712_0.99.jpg,0.99
/home/pi/Desktop/bakal/IMG/04-16-18_57_11_713_0.99.jpg,0.99
/home/pi/Desktop/bakal/IMG/04-16-18_57_12_714_0.82.jpg,0.82
/home/pi/Desktop/bakal/IMG/04-16-18_57_12_715_0.82.jpg,0.82
/home/pi/Desktop/bakal/IMG/04-16-18_57_13_716_0.82.jpg,0.82
/home/pi/Desktop/bakal/IMG/04-16-18_57_14_717_0.83.jpg,0.83
/home/pi/Desktop/bakal/IMG/04-16-18_57_14_718_0.83.jpg,0.83
/home/pi/Desktop/bakal/IMG/04-16-18_57_15_719_0.83.jpg,0.83
/home/pi/Desktop/bakal/IMG/04-16-18_57_15_720_0.83.jpg,0.83
/home/pi/Desktop/bakal/IMG/04-16-18_57_16_721_0.83.jpg,0.83
/home/pi/Desktop/bakal/IMG/04-16-18_57_17_722_0.83.jpg,0.83
/home/pi/Desktop/bakal/IMG/04-16-18_57_17_723_0.83.jpg,0.83
/home/pi/Desktop/bakal/IMG/04-16-18_57_18_724_1.0.jpg,1.0
/home/pi/Desktop/bakal/IMG/04-16-18_57_18_725_0.85.jpg,0.85
/home/pi/Desktop/bakal/IMG/04-16-18_57_19_726_0.46.jpg,0.46
/home/pi/Desktop/bakal/IMG/04-16-18_57_20_727_0.24.jpg,0.24
/home/pi/Desktop/bakal/IMG/04-16-18_57_20_728_0.09.jpg,0.09
/home/pi/Desktop/bakal/IMG/04-16-18_57_21_729_0.02.jpg,0.02
/home/pi/Desktop/bakal/IMG/04-16-18_57_21_730_0.0.jpg,0.0
/home/pi/Desktop/bakal/IMG/04-16-18_57_22_731_0.0.jpg,0.0
/home/pi/Desktop/bakal/IMG/04-16-18_57_23_732_0.09.jpg,0.09
/home/pi/Desktop/bakal/IMG/04-16-18_57_23_733_0.14.jpg,0.14
/home/pi/Desktop/bakal/IMG/04-16-18_57_24_734_0.2.jpg,0.2
/home/pi/Desktop/bakal/IMG/04-16-18_57_24_735_0.24.jpg,0.24
/home/pi/Desktop/bakal/IMG/04-16-18_57_25_736_0.24.jpg,0.24
/home/pi/Desktop/bakal/IMG/04-16-18_57_26_737_0.24.jpg,0.24
/home/pi/Desktop/bakal/IMG/04-16-18_57_26_738_0.24.jpg,0.24
/home/pi/Desktop/bakal/IMG/04-16-18_57_27_739_0.13.jpg,0.13
/home/pi/Desktop/bakal/IMG/04-16-18_57_28_740_0.27.jpg,0.27
/home/pi/Desktop/bakal/IMG/04-16-18_57_28_741_0.47.jpg,0.47
/home/pi/Desktop/bakal/IMG/04-16-18_57_29_742_0.58.jpg,0.58
/home/pi/Desktop/bakal/IMG/04-16-18_57_29_743_0.58.jpg,0.58
/home/pi/Desktop/bakal/IMG/04-16-18_57_30_744_0.58.jpg,0.58
/home/pi/Desktop/bakal/IMG/04-16-18_57_31_745_0.58.jpg,0.58
/home/pi/Desktop/bakal/IMG/04-16-18_57_31_746_1.0.jpg,1.0
/home/pi/Desktop/bakal/IMG/04-16-18_57_32_747_1.0.jpg,1.0
/home/pi/Desktop/bakal/IMG/04-16-18_57_32_748_1.0.jpg,1.0
/home/pi/Desktop/bakal/IMG/04-16-18_57_33_749_0.79.jpg,0.79
/home/pi/Desktop/bakal/IMG/04-16-18_57_34_750_0.67.jpg,0.67
/home/pi/Desktop/bakal/IMG/04-16-18_57_34_751_0.55.jpg,0.55
/home/pi/Desktop/bakal/IMG/04-16-18_57_35_752_0.5.jpg,0.5
/home/pi/Desktop/bakal/IMG/04-16-18_57_35_753_0.79.jpg,0.79
/home/pi/Desktop/bakal/IMG/04-16-18_57_36_754_0.94.jpg,0.94
/home/pi/Desktop/bakal/IMG/04-16-18_57_37_755_0.94.jpg,0.94
/home/pi/Desktop/bakal/IMG/04-16-18_57_37_756_0.78.jpg,0.78
/home/pi/Desktop/bakal/IMG/04-16-18_57_38_757_0.51.jpg,0.51
/home/pi/Desktop/bakal/IMG/04-16-18_57_38_758_0.37.jpg,0.37
/home/pi/Desktop/bakal/IMG/04-16-18_57_39_759_0.38.jpg,0.38
/home/pi/Desktop/bakal/IMG/04-16-18_57_40_760_0.36.jpg,0.36
/home/pi/Desktop/bakal/IMG/04-16-18_57_40_761_0.34.jpg,0.34
/home/pi/Desktop/bakal/IMG/04-16-18_57_41_762_0.52.jpg,0.52
/home/pi/Desktop/bakal/IMG/04-16-18_57_41_763_0.49.jpg,0.49
/home/pi/Desktop/bakal/IMG/04-16-18_57_42_764_0.44.jpg,0.44
/home/pi/Desktop/bakal/IMG/04-16-18_57_43_765_0.43.jpg,0.43
/home/pi/Desktop/bakal/IMG/04-16-18_57_43_766_0.49.jpg,0.49
/home/pi/Desktop/bakal/IMG/04-16-18_57_44_767_0.58.jpg,0.58
/home/pi/Desktop/bakal/IMG/04-16-18_57_44_768_0.68.jpg,0.68
/home/pi/Desktop/bakal/IMG/04-16-18_57_45_769_0.69.jpg,0.69
/home/pi/Desktop/bakal/IMG/04-16-18_57_46_770_0.82.jpg,0.82
/home/pi/Desktop/bakal/IMG/04-16-18_57_46_771_0.88.jpg,0.88
/home/pi/Desktop/bakal/IMG/04-16-18_57_47_772_0.55.jpg,0.55
/home/pi/Desktop/bakal/IMG/04-16-18_57_47_773_0.3.jpg,0.3
/home/pi/Desktop/bakal/IMG/04-16-18_57_48_774_0.2.jpg,0.2
/home/pi/Desktop/bakal/IMG/04-16-18_57_49_775_0.18.jpg,0.18
/home/pi/Desktop/bakal/IMG/04-16-18_57_49_776_0.16.jpg,0.16
/home/pi/Desktop/bakal/IMG/04-16-18_57_50_777_0.22.jpg,0.22
/home/pi/Desktop/bakal/IMG/04-16-18_57_50_778_0.52.jpg,0.52
/home/pi/Desktop/bakal/IMG/04-16-18_57_51_779_0.7.jpg,0.7
/home/pi/Desktop/bakal/IMG/04-16-18_57_52_780_0.79.jpg,0.79
/home/pi/Desktop/bakal/IMG/04-16-18_57_52_781_0.92.jpg,0.92
/home/pi/Desktop/bakal/IMG/04-16-18_57_53_782_0.79.jpg,0.79
/home/pi/Desktop/bakal/IMG/04-16-18_57_53_783_0.67.jpg,0.67
/home/pi/Desktop/bakal/IMG/04-16-18_57_54_784_0.5.jpg,0.5
/home/pi/Desktop/bakal/IMG/04-16-18_57_55_785_0.49.jpg,0.49
/home/pi/Desktop/bakal/IMG/04-16-18_57_55_786_0.49.jpg,0.49
/home/pi/Desktop/bakal/IMG/04-16-18_57_56_787_0.5.jpg,0.5
/home/pi/Desktop/bakal/IMG/04-16-18_57_56_788_0.5.jpg,0.5
/home/pi/Desktop/bakal/IMG/04-16-18_57_57_789_0.5.jpg,0.5
/home/pi/Desktop/bakal/IMG/04-16-18_57_58_790_0.5.jpg,0.5
/home/pi/Desktop/bakal/IMG/04-16-18_57_58_791_0.5.jpg,0.5
/home/pi/Desktop/bakal/IMG/04-16-18_57_59_792_0.5.jpg,0.5
/home/pi/Desktop/bakal/IMG/04-16-18_58_00_793_0.5.jpg,0.5
/home/pi/Desktop/bakal/IMG/04-16-18_58_00_794_0.5.jpg,0.5
/home/pi/Desktop/bakal/IMG/04-16-18_58_01_795_0.5.jpg,0.5
/home/pi/Desktop/bakal/IMG/04-16-18_58_01_796_0.5.jpg,0.5
/home/pi/Desktop/bakal/IMG/04-16-18_58_02_797_0.5.jpg,0.5
/home/pi/Desktop/bakal/IMG/04-16-18_58_03_798_0.5.jpg,0.5
/home/pi/Desktop/bakal/IMG/04-16-18_58_03_799_0.5.jpg,0.5
/home/pi/Desktop/bakal/IMG/04-16-18_58_04_800_0.49.jpg,0.49
/home/pi/Desktop/bakal/IMG/04-16-18_58_04_801_0.5.jpg,0.5
/home/pi/Desktop/bakal/IMG/04-16-18_58_05_802_0.5.jpg,0.5
/home/pi/Desktop/bakal/IMG/04-16-18_58_06_803_0.49.jpg,0.49
/home/pi/Desktop/bakal/IMG/04-16-18_58_06_804_0.67.jpg,0.67
/home/pi/Desktop/bakal/IMG/04-16-18_58_07_805_0.86.jpg,0.86
/home/pi/Desktop/bakal/IMG/04-16-18_58_07_806_1.0.jpg,1.0
/home/pi/Desktop/bakal/IMG/04-16-18_58_08_807_1.0.jpg,1.0
/home/pi/Desktop/bakal/IMG/04-16-18_58_09_808_1.0.jpg,1.0
/home/pi/Desktop/bakal/IMG/04-16-18_58_09_809_1.0.jpg,1.0
/home/pi/Desktop/bakal/IMG/04-16-18_58_10_810_0.97.jpg,0.97
/home/pi/Desktop/bakal/IMG/04-16-18_58_10_811_0.64.jpg,0.64
/home/pi/Desktop/bakal/IMG/04-16-18_58_11_812_0.67.jpg,0.67
/home/pi/Desktop/bakal/IMG/04-16-18_58_12_813_0.74.jpg,0.74
/home/pi/Desktop/bakal/IMG/04-16-18_58_12_814_0.83.jpg,0.83
/home/pi/Desktop/bakal/IMG/04-16-18_58_13_815_0.85.jpg,0.85
/home/pi/Desktop/bakal/IMG/04-16-18_58_13_816_0.82.jpg,0.82
/home/pi/Desktop/bakal/IMG/04-16-18_58_14_817_0.82.jpg,0.82
/home/pi/Desktop/bakal/IMG/04-16-18_58_15_818_0.8.jpg,0.8
/home/pi/Desktop/bakal/IMG/04-16-18_58_15_819_0.68.jpg,0.68
/home/pi/Desktop/bakal/IMG/04-16-18_58_16_820_0.56.jpg,0.56
/home/pi/Desktop/bakal/IMG/04-16-18_58_16_821_0.44.jpg,0.44
/home/pi/Desktop/bakal/IMG/04-16-18_58_17_822_0.26.jpg,0.26
/home/pi/Desktop/bakal/IMG/04-16-18_58_18_823_0.18.jpg,0.18
/home/pi/Desktop/bakal/IMG/04-16-18_58_18_824_0.19.jpg,0.19
/home/pi/Desktop/bakal/IMG/04-16-18_58_19_825_0.39.jpg,0.39
/home/pi/Desktop/bakal/IMG/04-16-18_58_19_826_0.45.jpg,0.45
/home/pi/Desktop/bakal/IMG/04-16-18_58_20_827_0.46.jpg,0.46
/home/pi/Desktop/bakal/IMG/04-16-18_58_21_828_0.53.jpg,0.53
/home/pi/Desktop/bakal/IMG/04-16-18_58_21_829_0.74.jpg,0.74
/home/pi/Desktop/bakal/IMG/04-16-18_58_22_830_0.82.jpg,0.82
/home/pi/Desktop/bakal/IMG/04-16-18_58_22_831_0.8.jpg,0.8
/home/pi/Desktop/bakal/IMG/04-16-18_58_23_832_0.68.jpg,0.68
/home/pi/Desktop/bakal/IMG/04-16-18_58_24_833_0.48.jpg,0.48
/home/pi/Desktop/bakal/IMG/04-16-18_58_24_834_0.33.jpg,0.33
/home/pi/Desktop/bakal/IMG/04-16-18_58_25_835_0.34.jpg,0.34
/home/pi/Desktop/bakal/IMG/04-16-18_58_25_836_0.41.jpg,0.41
/home/pi/Desktop/bakal/IMG/04-16-18_58_26_837_0.41.jpg,0.41
/home/pi/Desktop/bakal/IMG/04-16-18_58_27_838_0.53.jpg,0.53
/home/pi/Desktop/bakal/IMG/04-16-18_58_27_839_0.74.jpg,0.74
/home/pi/Desktop/bakal/IMG/04-16-18_58_28_840_0.72.jpg,0.72
/home/pi/Desktop/bakal/IMG/04-16-18_58_28_841_0.54.jpg,0.54
/home/pi/Desktop/bakal/IMG/04-16-18_58_29_842_0.54.jpg,0.54
/home/pi/Desktop/bakal/IMG/04-16-18_58_30_843_0.54.jpg,0.54
/home/pi/Desktop/bakal/IMG/04-16-18_58_30_844_0.54.jpg,0.54
/home/pi/Desktop/bakal/IMG/04-16-18_58_31_845_0.54.jpg,0.54
/home/pi/Desktop/bakal/IMG/04-16-18_58_32_846_0.5.jpg,0.5
/home/pi/Desktop/bakal/IMG/04-16-18_58_32_847_0.23.jpg,0.23
/home/pi/Desktop/bakal/IMG/04-16-18_58_33_848_0.38.jpg,0.38
/home/pi/Desktop/bakal/IMG/04-16-18_58_33_849_0.65.jpg,0.65
/home/pi/Desktop/bakal/IMG/04-16-18_58_34_850_0.76.jpg,0.76
/home/pi/Desktop/bakal/IMG/04-16-18_58_35_851_0.83.jpg,0.83
/home/pi/Desktop/bakal/IMG/04-16-18_58_35_852_0.91.jpg,0.91
/home/pi/Desktop/bakal/IMG/04-16-18_58_36_853_0.94.jpg,0.94
/home/pi/Desktop/bakal/IMG/04-16-18_58_36_854_0.92.jpg,0.92
/home/pi/Desktop/bakal/IMG/04-16-18_58_37_855_0.99.jpg,0.99
/home/pi/Desktop/bakal/IMG/04-16-18_58_38_856_1.0.jpg,1.0
/home/pi/Desktop/bakal/IMG/04-16-18_58_38_857_0.71.jpg,0.71
/home/pi/Desktop/bakal/IMG/04-16-18_58_39_858_0.47.jpg,0.47
/home/pi/Desktop/bakal/IMG/04-16-18_58_39_859_0.47.jpg,0.47
/home/pi/Desktop/bakal/IMG/04-16-18_58_40_860_0.47.jpg,0.47
/home/pi/Desktop/bakal/IMG/04-16-18_58_41_861_0.41.jpg,0.41
/home/pi/Desktop/bakal/IMG/04-16-18_58_41_862_0.33.jpg,0.33
/home/pi/Desktop/bakal/IMG/04-16-18_58_42_863_0.33.jpg,0.33
/home/pi/Desktop/bakal/IMG/04-16-18_58_42_864_0.47.jpg,0.47
/home/pi/Desktop/bakal/IMG/04-16-18_58_43_865_0.63.jpg,0.63
/home/pi/Desktop/bakal/IMG/04-16-18_58_44_866_0.76.jpg,0.76
/home/pi/Desktop/bakal/IMG/04-16-18_58_44_867_0.82.jpg,0.82
/home/pi/Desktop/bakal/IMG/04-16-18_58_45_868_0.8.jpg,0.8
/home/pi/Desktop/bakal/IMG/04-16-18_58_45_869_0.48.jpg,0.48
/home/pi/Desktop/bakal/IMG/04-16-18_58_46_870_0.49.jpg,0.49
/home/pi/Desktop/bakal/IMG/04-16-18_58_47_871_0.7.jpg,0.7
/home/pi/Desktop/bakal/IMG/04-16-18_58_47_872_0.77.jpg,0.77
/home/pi/Desktop/bakal/IMG/04-16-18_58_48_873_0.77.jpg,0.77
/home/pi/Desktop/bakal/IMG/04-16-18_58_48_874_0.76.jpg,0.76
/home/pi/Desktop/bakal/IMG/04-16-18_58_49_875_0.55.jpg,0.55
/home/pi/Desktop/bakal/IMG/04-16-18_58_50_876_0.47.jpg,0.47
/home/pi/Desktop/bakal/IMG/04-16-18_58_50_877_0.42.jpg,0.42
/home/pi/Desktop/bakal/IMG/04-16-18_58_51_878_0.23.jpg,0.23
/home/pi/Desktop/bakal/IMG/04-16-18_58_51_879_0.22.jpg,0.22
/home/pi/Desktop/bakal/IMG/04-16-18_58_52_880_0.22.jpg,0.22
/home/pi/Desktop/bakal/IMG/04-16-18_58_53_881_0.26.jpg,0.26
/home/pi/Desktop/bakal/IMG/04-16-18_58_53_882_0.48.jpg,0.48
/home/pi/Desktop/bakal/IMG/04-16-18_58_54_883_0.66.jpg,0.66
/home/pi/Desktop/bakal/IMG/04-16-18_58_54_884_0.68.jpg,0.68
/home/pi/Desktop/bakal/IMG/04-16-18_58_55_885_0.7.jpg,0.7
/home/pi/Desktop/bakal/IMG/04-16-18_58_56_886_0.81.jpg,0.81
/home/pi/Desktop/bakal/IMG/04-16-18_58_56_887_0.93.jpg,0.93
/home/pi/Desktop/bakal/IMG/04-16-18_58_57_888_0.92.jpg,0.92
/home/pi/Desktop/bakal/IMG/04-16-18_58_57_889_0.76.jpg,0.76
/home/pi/Desktop/bakal/IMG/04-16-18_58_58_890_0.6.jpg,0.6
/home/pi/Desktop/bakal/IMG/04-16-18_58_59_891_0.46.jpg,0.46
/home/pi/Desktop/bakal/IMG/04-16-18_58_59_892_0.38.jpg,0.38
/home/pi/Desktop/bakal/IMG/04-16-18_59_00_893_0.38.jpg,0.38
/home/pi/Desktop/bakal/IMG/04-16-18_59_00_894_0.38.jpg,0.38
/home/pi/Desktop/bakal/IMG/04-16-18_59_01_895_0.39.jpg,0.39
/home/pi/Desktop/bakal/IMG/04-16-18_59_02_896_0.2.jpg,0.2
/home/pi/Desktop/bakal/IMG/04-16-18_59_02_897_0.15.jpg,0.15
/home/pi/Desktop/bakal/IMG/04-16-18_59_03_898_0.44.jpg,0.44
/home/pi/Desktop/bakal/IMG/04-16-18_59_04_899_0.64.jpg,0.64
/home/pi/Desktop/bakal/IMG/04-16-18_59_04_900_0.75.jpg,0.75
/home/pi/Desktop/bakal/IMG/04-16-18_59_05_901_0.85.jpg,0.85
/home/pi/Desktop/bakal/IMG/04-16-18_59_05_902_0.97.jpg,0.97
/home/pi/Desktop/bakal/IMG/04-16-18_59_06_903_0.98.jpg,0.98
/home/pi/Desktop/bakal/IMG/04-16-18_59_07_904_0.98.jpg,0.98
/home/pi/Desktop/bakal/IMG/04-16-18_59_07_905_0.74.jpg,0.74
/home/pi/Desktop/bakal/IMG/04-16-18_59_08_906_0.45.jpg,0.45
/home/pi/Desktop/bakal/IMG/04-16-18_59_08_907_0.23.jpg,0.23
/home/pi/Desktop/bakal/IMG/04-16-18_59_09_908_0.13.jpg,0.13
/home/pi/Desktop/bakal/IMG/04-16-18_59_10_909_0.0.jpg,0.0
/home/pi/Desktop/bakal/IMG/04-16-18_59_10_910_0.1.jpg,0.1
/home/pi/Desktop/bakal/IMG/04-16-18_59_11_911_0.37.jpg,0.37
/home/pi/Desktop/bakal/IMG/04-16-18_59_11_912_0.54.jpg,0.54
/home/pi/Desktop/bakal/IMG/04-16-18_59_12_913_0.61.jpg,0.61
/home/pi/Desktop/bakal/IMG/04-16-18_59_13_914_0.67.jpg,0.67
/home/pi/Desktop/bakal/IMG/04-16-18_59_13_915_0.87.jpg,0.87
/home/pi/Desktop/bakal/IMG/04-16-18_59_14_916_0.99.jpg,0.99
/home/pi/Desktop/bakal/IMG/04-16-18_59_14_917_1.0.jpg,1.0
/home/pi/Desktop/bakal/IMG/04-16-18_59_15_918_0.83.jpg,0.83
/home/pi/Desktop/bakal/IMG/04-16-18_59_16_919_0.61.jpg,0.61
/home/pi/Desktop/bakal/IMG/04-16-18_59_16_920_0.53.jpg,0.53
/home/pi/Desktop/bakal/IMG/04-16-18_59_17_921_0.47.jpg,0.47
/home/pi/Desktop/bakal/IMG/04-16-18_59_17_922_0.46.jpg,0.46
/home/pi/Desktop/bakal/IMG/04-16-18_59_18_923_0.45.jpg,0.45
/home/pi/Desktop/bakal/IMG/04-16-18_59_20_924_0.45.jpg,0.45
/home/pi/Desktop/bakal/IMG/04-16-18_59_20_925_0.54.jpg,0.54
/home/pi/Desktop/bakal/IMG/04-16-18_59_20_926_0.67.jpg,0.67
/home/pi/Desktop/bakal/IMG/04-16-18_59_21_927_0.71.jpg,0.71
/home/pi/Desktop/bakal/IMG/04-16-18_59_21_928_0.59.jpg,0.59
/home/pi/Desktop/bakal/IMG/04-16-18_59_22_929_0.59.jpg,0.59
/home/pi/Desktop/bakal/IMG/04-16-18_59_22_930_0.55.jpg,0.55
/home/pi/Desktop/bakal/IMG/04-16-18_59_23_931_0.53.jpg,0.53
/home/pi/Desktop/bakal/IMG/04-16-18_59_23_932_0.55.jpg,0.55
/home/pi/Desktop/bakal/IMG/04-16-18_59_24_933_0.74.jpg,0.74
/home/pi/Desktop/bakal/IMG/04-16-18_59_25_934_0.91.jpg,0.91
/home/pi/Desktop/bakal/IMG/04-16-18_59_25_935_0.81.jpg,0.81
/home/pi/Desktop/bakal/IMG/04-16-18_59_26_936_0.53.jpg,0.53
/home/pi/Desktop/bakal/IMG/04-16-18_59_26_937_0.52.jpg,0.52
/home/pi/Desktop/bakal/IMG/04-16-18_59_27_938_0.54.jpg,0.54
/home/pi/Desktop/bakal/IMG/04-16-18_59_28_939_0.54.jpg,0.54
/home/pi/Desktop/bakal/IMG/04-16-18_59_28_940_0.54.jpg,0.54
/home/pi/Desktop/bakal/IMG/04-16-18_59_29_941_0.56.jpg,0.56
/home/pi/Desktop/bakal/IMG/04-16-18_59_29_942_0.57.jpg,0.57
/home/pi/Desktop/bakal/IMG/04-16-18_59_30_943_0.57.jpg,0.57
/home/pi/Desktop/bakal/IMG/04-16-18_59_31_944_0.57.jpg,0.57
/home/pi/Desktop/bakal/IMG/04-16-18_59_31_945_0.67.jpg,0.67
/home/pi/Desktop/bakal/IMG/04-16-18_59_32_946_0.78.jpg,0.78
/home/pi/Desktop/bakal/IMG/04-16-18_59_33_947_0.81.jpg,0.81
/home/pi/Desktop/bakal/IMG/04-16-18_59_33_948_0.82.jpg,0.82
/home/pi/Desktop/bakal/IMG/04-16-18_59_34_949_0.59.jpg,0.59
/home/pi/Desktop/bakal/IMG/04-16-18_59_34_950_0.5.jpg,0.5
/home/pi/Desktop/bakal/IMG/04-16-18_59_35_951_0.5.jpg,0.5
/home/pi/Desktop/bakal/IMG/04-16-18_59_36_952_0.46.jpg,0.46
/home/pi/Desktop/bakal/IMG/04-16-18_59_36_953_0.44.jpg,0.44
/home/pi/Desktop/bakal/IMG/04-16-18_59_37_954_0.44.jpg,0.44
/home/pi/Desktop/bakal/IMG/04-16-18_59_37_955_0.43.jpg,0.43
/home/pi/Desktop/bakal/IMG/04-16-18_59_38_956_0.43.jpg,0.43
/home/pi/Desktop/bakal/IMG/04-16-18_59_39_957_0.43.jpg,0.43
/home/pi/Desktop/bakal/IMG/04-16-18_59_39_958_0.5.jpg,0.5
/home/pi/Desktop/bakal/IMG/04-16-18_59_40_959_0.7.jpg,0.7
/home/pi/Desktop/bakal/IMG/04-16-18_59_40_960_0.8.jpg,0.8
/home/pi/Desktop/bakal/IMG/04-16-18_59_41_961_0.82.jpg,0.82
/home/pi/Desktop/bakal/IMG/04-16-18_59_42_962_0.65.jpg,0.65
/home/pi/Desktop/bakal/IMG/04-16-18_59_42_963_0.55.jpg,0.55
/home/pi/Desktop/bakal/IMG/04-16-18_59_43_964_0.48.jpg,0.48
/home/pi/Desktop/bakal/IMG/04-16-18_59_43_965_0.36.jpg,0.36
/home/pi/Desktop/bakal/IMG/04-16-18_59_44_966_0.35.jpg,0.35
/home/pi/Desktop/bakal/IMG/04-16-18_59_45_967_0.35.jpg,0.35
/home/pi/Desktop/bakal/IMG/04-16-18_59_45_968_0.34.jpg,0.34
/home/pi/Desktop/bakal/IMG/04-16-18_59_46_969_0.35.jpg,0.35
/home/pi/Desktop/bakal/IMG/04-16-18_59_46_970_0.48.jpg,0.48
/home/pi/Desktop/bakal/IMG/04-16-18_59_47_971_0.61.jpg,0.61
/home/pi/Desktop/bakal/IMG/04-16-18_59_48_972_0.71.jpg,0.71
/home/pi/Desktop/bakal/IMG/04-16-18_59_48_973_0.8.jpg,0.8
/home/pi/Desktop/bakal/IMG/04-16-18_59_49_974_0.91.jpg,0.91
/home/pi/Desktop/bakal/IMG/04-16-18_59_49_975_0.85.jpg,0.85
/home/pi/Desktop/bakal/IMG/04-16-18_59_50_976_0.62.jpg,0.62
/home/pi/Desktop/bakal/IMG/04-16-18_59_51_977_0.5.jpg,0.5
/home/pi/Desktop/bakal/IMG/04-16-18_59_51_978_0.47.jpg,0.47
/home/pi/Desktop/bakal/IMG/04-16-18_59_52_979_0.46.jpg,0.46
/home/pi/Desktop/bakal/IMG/04-16-18_59_52_980_0.48.jpg,0.48
/home/pi/Desktop/bakal/IMG/04-16-18_59_53_981_0.6.jpg,0.6
/home/pi/Desktop/bakal/IMG/04-16-18_59_54_982_0.56.jpg,0.56
/home/pi/Desktop/bakal/IMG/04-16-18_59_54_983_0.45.jpg,0.45
/home/pi/Desktop/bakal/IMG/04-16-18_59_55_984_0.57.jpg,0.57
/home/pi/Desktop/bakal/IMG/04-16-18_59_55_985_0.64.jpg,0.64
/home/pi/Desktop/bakal/IMG/04-16-18_59_56_986_0.69.jpg,0.69
/home/pi/Desktop/bakal/IMG/04-16-18_59_57_987_0.72.jpg,0.72
/home/pi/Desktop/bakal/IMG/04-16-18_59_57_988_0.8.jpg,0.8
/home/pi/Desktop/bakal/IMG/04-16-18_59_58_989_0.93.jpg,0.93
/home/pi/Desktop/bakal/IMG/04-16-18_59_58_990_0.85.jpg,0.85
/home/pi/Desktop/bakal/IMG/04-16-18_59_59_991_0.38.jpg,0.38
/home/pi/Desktop/bakal/IMG/04-16-19_00_00_992_0.19.jpg,0.19
/home/pi/Desktop/bakal/IMG/04-16-19_00_00_993_0.08.jpg,0.08
/home/pi/Desktop/bakal/IMG/04-16-19_00_01_994_0.03.jpg,0.03
/home/pi/Desktop/bakal/IMG/04-16-19_00_01_995_0.0.jpg,0.0
/home/pi/Desktop/bakal/IMG/04-16-19_00_02_996_0.13.jpg,0.13
/home/pi/Desktop/bakal/IMG/04-16-19_00_03_997_0.51.jpg,0.51
/home/pi/Desktop/bakal/IMG/04-16-19_00_03_998_0.68.jpg,0.68
/home/pi/Desktop/bakal/IMG/04-16-19_00_04_999_0.56.jpg,0.56
/home/pi/Desktop/bakal/IMG/04-16-19_00_44_0_0.18.jpg,0.18
/home/pi/Desktop/bakal/IMG/04-16-19_00_45_1_0.18.jpg,0.18
/home/pi/Desktop/bakal/IMG/04-16-19_00_45_2_0.18.jpg,0.18
/home/pi/Desktop/bakal/IMG/04-16-19_00_46_3_0.18.jpg,0.18
/home/pi/Desktop/bakal/IMG/04-16-19_00_46_4_0.18.jpg,0.18
/home/pi/Desktop/bakal/IMG/04-16-19_00_47_5_0.18.jpg,0.18
/home/pi/Desktop/bakal/IMG/04-16-19_00_47_6_0.18.jpg,0.18
/home/pi/Desktop/bakal/IMG/04-16-19_00_48_7_0.18.jpg,0.18
/home/pi/Desktop/bakal/IMG/04-16-19_00_49_8_0.18.jpg,0.18
/home/pi/Desktop/bakal/IMG/04-16-19_00_49_9_0.29.jpg,0.29
/home/pi/Desktop/bakal/IMG/04-16-19_00_50_10_0.0.jpg,0.0
/home/pi/Desktop/bakal/IMG/04-16-19_00_50_11_0.0.jpg,0.0
/home/pi/Desktop/bakal/IMG/04-16-19_00_51_12_0.75.jpg,0.75
/home/pi/Desktop/bakal/IMG/04-16-19_00_52_13_1.0.jpg,1.0
/home/pi/Desktop/bakal/IMG/04-16-19_00_52_14_1.0.jpg,1.0
/home/pi/Desktop/bakal/IMG/04-16-19_00_53_15_1.0.jpg,1.0
/home/pi/Desktop/bakal/IMG/04-16-19_00_53_16_0.96.jpg,0.96
/home/pi/Desktop/bakal/IMG/04-16-19_00_54_17_0.7.jpg,0.7
/home/pi/Desktop/bakal/IMG/04-16-19_00_55_18_0.51.jpg,0.51
/home/pi/Desktop/bakal/IMG/04-16-19_00_55_19_0.26.jpg,0.26
/home/pi/Desktop/bakal/IMG/04-16-19_00_56_20_0.0.jpg,0.0
/home/pi/Desktop/bakal/IMG/04-16-19_00_56_21_0.0.jpg,0.0
/home/pi/Desktop/bakal/IMG/04-16-19_00_57_22_0.0.jpg,0.0
/home/pi/Desktop/bakal/IMG/04-16-19_00_58_23_0.0.jpg,0.0
/home/pi/Desktop/bakal/IMG/04-16-19_00_58_24_0.32.jpg,0.32
/home/pi/Desktop/bakal/IMG/04-16-19_00_59_25_0.26.jpg,0.26
/home/pi/Desktop/bakal/IMG/04-16-19_01_00_26_0.14.jpg,0.14
/home/pi/Desktop/bakal/IMG/04-16-19_01_00_27_0.03.jpg,0.03
/home/pi/Desktop/bakal/IMG/04-16-19_01_01_28_0.0.jpg,0.0
/home/pi/Desktop/bakal/IMG/04-16-19_01_01_29_0.05.jpg,0.05
/home/pi/Desktop/bakal/IMG/04-16-19_01_02_30_0.35.jpg,0.35
/home/pi/Desktop/bakal/IMG/04-16-19_01_03_31_0.32.jpg,0.32
/home/pi/Desktop/bakal/IMG/04-16-19_01_03_32_0.15.jpg,0.15
/home/pi/Desktop/bakal/IMG/04-16-19_01_04_33_0.03.jpg,0.03
/home/pi/Desktop/bakal/IMG/04-16-19_01_04_34_0.0.jpg,0.0
/home/pi/Desktop/bakal/IMG/04-16-19_01_05_35_0.14.jpg,0.14
/home/pi/Desktop/bakal/IMG/04-16-19_01_06_36_0.27.jpg,0.27
/home/pi/Desktop/bakal/IMG/04-16-19_01_06_37_0.31.jpg,0.31
/home/pi/Desktop/bakal/IMG/04-16-19_01_07_38_0.34.jpg,0.34
/home/pi/Desktop/bakal/IMG/04-16-19_01_07_39_0.43.jpg,0.43
/home/pi/Desktop/bakal/IMG/04-16-19_01_08_40_0.52.jpg,0.52
/home/pi/Desktop/bakal/IMG/04-16-19_01_09_41_0.41.jpg,0.41
/home/pi/Desktop/bakal/IMG/04-16-19_01_09_42_0.32.jpg,0.32
/home/pi/Desktop/bakal/IMG/04-16-19_01_10_43_0.52.jpg,0.52
/home/pi/Desktop/bakal/IMG/04-16-19_01_10_44_0.68.jpg,0.68
/home/pi/Desktop/bakal/IMG/04-16-19_01_11_45_0.73.jpg,0.73
/home/pi/Desktop/bakal/IMG/04-16-19_01_12_46_0.73.jpg,0.73
/home/pi/Desktop/bakal/IMG/04-16-19_01_12_47_0.76.jpg,0.76
/home/pi/Desktop/bakal/IMG/04-16-19_01_13_48_0.68.jpg,0.68
/home/pi/Desktop/bakal/IMG/04-16-19_01_13_49_0.51.jpg,0.51
/home/pi/Desktop/bakal/IMG/04-16-19_01_14_50_0.44.jpg,0.44
/home/pi/Desktop/bakal/IMG/04-16-19_01_15_51_0.34.jpg,0.34
/home/pi/Desktop/bakal/IMG/04-16-19_01_15_52_0.27.jpg,0.27
/home/pi/Desktop/bakal/IMG/04-16-19_01_16_53_0.26.jpg,0.26
/home/pi/Desktop/bakal/IMG/04-16-19_01_16_54_0.45.jpg,0.45
/home/pi/Desktop/bakal/IMG/04-16-19_01_17_55_0.51.jpg,0.51
/home/pi/Desktop/bakal/IMG/04-16-19_01_18_56_0.52.jpg,0.52
/home/pi/Desktop/bakal/IMG/04-16-19_01_18_57_0.52.jpg,0.52
/home/pi/Desktop/bakal/IMG/04-16-19_01_19_58_0.52.jpg,0.52
/home/pi/Desktop/bakal/IMG/04-16-19_01_19_59_0.54.jpg,0.54
/home/pi/Desktop/bakal/IMG/04-16-19_01_20_60_0.67.jpg,0.67
/home/pi/Desktop/bakal/IMG/04-16-19_01_21_61_0.7.jpg,0.7
/home/pi/Desktop/bakal/IMG/04-16-19_01_21_62_0.63.jpg,0.63
/home/pi/Desktop/bakal/IMG/04-16-19_01_22_63_0.53.jpg,0.53
/home/pi/Desktop/bakal/IMG/04-16-19_01_22_64_0.48.jpg,0.48
/home/pi/Desktop/bakal/IMG/04-16-19_01_23_65_0.39.jpg,0.39
/home/pi/Desktop/bakal/IMG/04-16-19_01_24_66_0.38.jpg,0.38
/home/pi/Desktop/bakal/IMG/04-16-19_01_24_67_0.48.jpg,0.48
/home/pi/Desktop/bakal/IMG/04-16-19_01_25_68_0.67.jpg,0.67
/home/pi/Desktop/bakal/IMG/04-16-19_01_25_69_0.76.jpg,0.76
/home/pi/Desktop/bakal/IMG/04-16-19_01_26_70_0.68.jpg,0.68
/home/pi/Desktop/bakal/IMG/04-16-19_01_27_71_0.53.jpg,0.53
/home/pi/Desktop/bakal/IMG/04-16-19_01_27_72_0.39.jpg,0.39
/home/pi/Desktop/bakal/IMG/04-16-19_01_28_73_0.3.jpg,0.3
/home/pi/Desktop/bakal/IMG/04-16-19_01_28_74_0.21.jpg,0.21
/home/pi/Desktop/bakal/IMG/04-16-19_01_29_75_0.14.jpg,0.14
/home/pi/Desktop/bakal/IMG/04-16-19_01_30_76_0.15.jpg,0.15
/home/pi/Desktop/bakal/IMG/04-16-19_01_30_77_0.28.jpg,0.28
/home/pi/Desktop/bakal/IMG/04-16-19_01_31_78_0.31.jpg,0.31
/home/pi/Desktop/bakal/IMG/04-16-19_01_32_79_0.44.jpg,0.44
/home/pi/Desktop/bakal/IMG/04-16-19_01_32_80_0.55.jpg,0.55
/home/pi/Desktop/bakal/IMG/04-16-19_01_33_81_0.64.jpg,0.64
/home/pi/Desktop/bakal/IMG/04-16-19_01_33_82_0.78.jpg,0.78
/home/pi/Desktop/bakal/IMG/04-16-19_01_34_83_0.83.jpg,0.83
/home/pi/Desktop/bakal/IMG/04-16-19_01_35_84_0.79.jpg,0.79
/home/pi/Desktop/bakal/IMG/04-16-19_01_35_85_0.49.jpg,0.49
/home/pi/Desktop/bakal/IMG/04-16-19_01_36_86_0.32.jpg,0.32
/home/pi/Desktop/bakal/IMG/04-16-19_01_36_87_0.29.jpg,0.29
/home/pi/Desktop/bakal/IMG/04-16-19_01_37_88_0.45.jpg,0.45
/home/pi/Desktop/bakal/IMG/04-16-19_01_38_89_0.62.jpg,0.62
/home/pi/Desktop/bakal/IMG/04-16-19_01_38_90_0.65.jpg,0.65
/home/pi/Desktop/bakal/IMG/04-16-19_01_39_91_0.65.jpg,0.65
/home/pi/Desktop/bakal/IMG/04-16-19_01_39_92_0.65.jpg,0.65
/home/pi/Desktop/bakal/IMG/04-16-19_01_40_93_0.65.jpg,0.65
/home/pi/Desktop/bakal/IMG/04-16-19_01_41_94_0.65.jpg,0.65
/home/pi/Desktop/bakal/IMG/04-16-19_01_41_95_0.65.jpg,0.65
/home/pi/Desktop/bakal/IMG/04-16-19_01_42_96_0.65.jpg,0.65
/home/pi/Desktop/bakal/IMG/04-16-19_01_42_97_0.56.jpg,0.56
/home/pi/Desktop/bakal/IMG/04-16-19_01_43_98_0.25.jpg,0.25
/home/pi/Desktop/bakal/IMG/04-16-19_01_44_99_0.5.jpg,0.5
/home/pi/Desktop/bakal/IMG/04-16-19_01_44_100_0.39.jpg,0.39
/home/pi/Desktop/bakal/IMG/04-16-19_01_45_101_0.07.jpg,0.07
/home/pi/Desktop/bakal/IMG/04-16-19_01_45_102_0.12.jpg,0.12
/home/pi/Desktop/bakal/IMG/04-16-19_01_46_103_0.44.jpg,0.44
/home/pi/Desktop/bakal/IMG/04-16-19_01_47_104_0.65.jpg,0.65
/home/pi/Desktop/bakal/IMG/04-16-19_01_47_105_0.81.jpg,0.81
/home/pi/Desktop/bakal/IMG/04-16-19_01_48_106_0.9.jpg,0.9
/home/pi/Desktop/bakal/IMG/04-16-19_01_48_107_0.85.jpg,0.85
/home/pi/Desktop/bakal/IMG/04-16-19_01_49_108_0.85.jpg,0.85
/home/pi/Desktop/bakal/IMG/04-16-19_01_50_109_0.82.jpg,0.82
/home/pi/Desktop/bakal/IMG/04-16-19_01_50_110_0.67.jpg,0.67
/home/pi/Desktop/bakal/IMG/04-16-19_01_51_111_0.43.jpg,0.43
/home/pi/Desktop/bakal/IMG/04-16-19_01_51_112_0.26.jpg,0.26
/home/pi/Desktop/bakal/IMG/04-16-19_01_52_113_0.21.jpg,0.21
/home/pi/Desktop/bakal/IMG/04-16-19_01_53_114_0.2.jpg,0.2
/home/pi/Desktop/bakal/IMG/04-16-19_01_53_115_0.22.jpg,0.22
/home/pi/Desktop/bakal/IMG/04-16-19_01_54_116_0.36.jpg,0.36
/home/pi/Desktop/bakal/IMG/04-16-19_01_54_117_0.58.jpg,0.58
/home/pi/Desktop/bakal/IMG/04-16-19_01_55_118_0.75.jpg,0.75
/home/pi/Desktop/bakal/IMG/04-16-19_01_56_119_0.82.jpg,0.82
/home/pi/Desktop/bakal/IMG/04-16-19_01_56_120_0.76.jpg,0.76
/home/pi/Desktop/bakal/IMG/04-16-19_01_57_121_0.61.jpg,0.61
/home/pi/Desktop/bakal/IMG/04-16-19_01_57_122_0.53.jpg,0.53
/home/pi/Desktop/bakal/IMG/04-16-19_01_58_123_0.53.jpg,0.53
/home/pi/Desktop/bakal/IMG/04-16-19_01_59_124_0.42.jpg,0.42
/home/pi/Desktop/bakal/IMG/04-16-19_01_59_125_0.37.jpg,0.37
/home/pi/Desktop/bakal/IMG/04-16-19_02_00_126_0.44.jpg,0.44
/home/pi/Desktop/bakal/IMG/04-16-19_02_01_127_0.5.jpg,0.5
/home/pi/Desktop/bakal/IMG/04-16-19_02_01_128_0.57.jpg,0.57
/home/pi/Desktop/bakal/IMG/04-16-19_02_02_129_0.7.jpg,0.7
/home/pi/Desktop/bakal/IMG/04-16-19_02_02_130_0.81.jpg,0.81
/home/pi/Desktop/bakal/IMG/04-16-19_02_03_131_0.87.jpg,0.87
/home/pi/Desktop/bakal/IMG/04-16-19_02_04_132_1.0.jpg,1.0
/home/pi/Desktop/bakal/IMG/04-16-19_02_04_133_0.8.jpg,0.8
/home/pi/Desktop/bakal/IMG/04-16-19_02_05_134_0.34.jpg,0.34
/home/pi/Desktop/bakal/IMG/04-16-19_02_05_135_0.08.jpg,0.08
/home/pi/Desktop/bakal/IMG/04-16-19_02_06_136_0.0.jpg,0.0
/home/pi/Desktop/bakal/IMG/04-16-19_02_07_137_0.0.jpg,0.0
/home/pi/Desktop/bakal/IMG/04-16-19_02_07_138_0.25.jpg,0.25
/home/pi/Desktop/bakal/IMG/04-16-19_02_08_139_0.49.jpg,0.49
/home/pi/Desktop/bakal/IMG/04-16-19_02_08_140_0.66.jpg,0.66
/home/pi/Desktop/bakal/IMG/04-16-19_02_09_141_0.42.jpg,0.42
/home/pi/Desktop/bakal/IMG/04-16-19_02_10_142_0.3.jpg,0.3
/home/pi/Desktop/bakal/IMG/04-16-19_02_10_143_0.18.jpg,0.18
/home/pi/Desktop/bakal/IMG/04-16-19_02_11_144_0.09.jpg,0.09
/home/pi/Desktop/bakal/IMG/04-16-19_02_11_145_0.11.jpg,0.11
/home/pi/Desktop/bakal/IMG/04-16-19_02_12_146_0.31.jpg,0.31
/home/pi/Desktop/bakal/IMG/04-16-19_02_13_147_0.4.jpg,0.4
/home/pi/Desktop/bakal/IMG/04-16-19_02_13_148_0.48.jpg,0.48
/home/pi/Desktop/bakal/IMG/04-16-19_02_14_149_0.2.jpg,0.2
/home/pi/Desktop/bakal/IMG/04-16-19_02_14_150_0.03.jpg,0.03
/home/pi/Desktop/bakal/IMG/04-16-19_02_15_151_0.0.jpg,0.0
/home/pi/Desktop/bakal/IMG/04-16-19_02_16_152_0.43.jpg,0.43
/home/pi/Desktop/bakal/IMG/04-16-19_02_16_153_0.68.jpg,0.68
/home/pi/Desktop/bakal/IMG/04-16-19_02_17_154_0.84.jpg,0.84
/home/pi/Desktop/bakal/IMG/04-16-19_02_17_155_0.87.jpg,0.87
/home/pi/Desktop/bakal/IMG/04-16-19_02_18_156_0.89.jpg,0.89
/home/pi/Desktop/bakal/IMG/04-16-19_02_19_157_0.93.jpg,0.93
/home/pi/Desktop/bakal/IMG/04-16-19_02_19_158_0.99.jpg,0.99
/home/pi/Desktop/bakal/IMG/04-16-19_02_20_159_0.97.jpg,0.97
/home/pi/Desktop/bakal/IMG/04-16-19_02_20_160_1.0.jpg,1.0
/home/pi/Desktop/bakal/IMG/04-16-19_02_21_161_1.0.jpg,1.0
/home/pi/Desktop/bakal/IMG/04-16-19_02_22_162_0.8.jpg,0.8
/home/pi/Desktop/bakal/IMG/04-16-19_02_22_163_0.56.jpg,0.56
/home/pi/Desktop/bakal/IMG/04-16-19_02_23_164_0.38.jpg,0.38
/home/pi/Desktop/bakal/IMG/04-16-19_02_23_165_0.54.jpg,0.54
/home/pi/Desktop/bakal/IMG/04-16-19_02_24_166_0.69.jpg,0.69
/home/pi/Desktop/bakal/IMG/04-16-19_02_25_167_0.78.jpg,0.78
/home/pi/Desktop/bakal/IMG/04-16-19_02_25_168_0.86.jpg,0.86
/home/pi/Desktop/bakal/IMG/04-16-19_02_26_169_0.66.jpg,0.66
/home/pi/Desktop/bakal/IMG/04-16-19_02_26_170_0.42.jpg,0.42
/home/pi/Desktop/bakal/IMG/04-16-19_02_27_171_0.18.jpg,0.18
/home/pi/Desktop/bakal/IMG/04-16-19_02_28_172_0.05.jpg,0.05
/home/pi/Desktop/bakal/IMG/04-16-19_02_28_173_0.21.jpg,0.21
/home/pi/Desktop/bakal/IMG/04-16-19_02_29_174_0.53.jpg,0.53
/home/pi/Desktop/bakal/IMG/04-16-19_02_29_175_0.65.jpg,0.65
/home/pi/Desktop/bakal/IMG/04-16-19_02_30_176_0.69.jpg,0.69
/home/pi/Desktop/bakal/IMG/04-16-19_02_31_177_0.74.jpg,0.74
/home/pi/Desktop/bakal/IMG/04-16-19_02_31_178_0.81.jpg,0.81
/home/pi/Desktop/bakal/IMG/04-16-19_02_32_179_0.82.jpg,0.82
/home/pi/Desktop/bakal/IMG/04-16-19_02_33_180_0.83.jpg,0.83
/home/pi/Desktop/bakal/IMG/04-16-19_02_33_181_0.85.jpg,0.85
/home/pi/Desktop/bakal/IMG/04-16-19_02_34_182_0.75.jpg,0.75
/home/pi/Desktop/bakal/IMG/04-16-19_02_34_183_0.57.jpg,0.57
/home/pi/Desktop/bakal/IMG/04-16-19_02_35_184_0.55.jpg,0.55
/home/pi/Desktop/bakal/IMG/04-16-19_02_36_185_0.6.jpg,0.6
/home/pi/Desktop/bakal/IMG/04-16-19_02_36_186_0.37.jpg,0.37
/home/pi/Desktop/bakal/IMG/04-16-19_02_37_187_0.3.jpg,0.3
/home/pi/Desktop/bakal/IMG/04-16-19_02_37_188_0.21.jpg,0.21
/home/pi/Desktop/bakal/IMG/04-16-19_02_38_189_0.15.jpg,0.15
/home/pi/Desktop/bakal/IMG/04-16-19_02_39_190_0.52.jpg,0.52
/home/pi/Desktop/bakal/IMG/04-16-19_02_39_191_0.63.jpg,0.63
/home/pi/Desktop/bakal/IMG/04-16-19_02_40_192_0.68.jpg,0.68
/home/pi/Desktop/bakal/IMG/04-16-19_02_40_193_0.74.jpg,0.74
/home/pi/Desktop/bakal/IMG/04-16-19_02_41_194_0.62.jpg,0.62
/home/pi/Desktop/bakal/IMG/04-16-19_02_42_195_0.56.jpg,0.56
/home/pi/Desktop/bakal/IMG/04-16-19_02_42_196_0.57.jpg,0.57
/home/pi/Desktop/bakal/IMG/04-16-19_02_43_197_0.57.jpg,0.57
/home/pi/Desktop/bakal/IMG/04-16-19_02_43_198_0.65.jpg,0.65
/home/pi/Desktop/bakal/IMG/04-16-19_02_44_199_0.64.jpg,0.64
/home/pi/Desktop/bakal/IMG/04-16-19_02_45_200_0.59.jpg,0.59
/home/pi/Desktop/bakal/IMG/04-16-19_02_45_201_0.55.jpg,0.55
/home/pi/Desktop/bakal/IMG/04-16-19_02_46_202_0.62.jpg,0.62
/home/pi/Desktop/bakal/IMG/04-16-19_02_46_203_0.75.jpg,0.75
/home/pi/Desktop/bakal/IMG/04-16-19_02_47_204_0.78.jpg,0.78
/home/pi/Desktop/bakal/IMG/04-16-19_02_48_205_0.71.jpg,0.71
/home/pi/Desktop/bakal/IMG/04-16-19_02_48_206_0.6.jpg,0.6
/home/pi/Desktop/bakal/IMG/04-16-19_02_49_207_0.57.jpg,0.57
/home/pi/Desktop/bakal/IMG/04-16-19_02_49_208_0.7.jpg,0.7
/home/pi/Desktop/bakal/IMG/04-16-19_02_50_209_0.67.jpg,0.67
/home/pi/Desktop/bakal/IMG/04-16-19_02_51_210_0.58.jpg,0.58
/home/pi/Desktop/bakal/IMG/04-16-19_02_51_211_0.42.jpg,0.42
/home/pi/Desktop/bakal/IMG/04-16-19_02_52_212_0.29.jpg,0.29
/home/pi/Desktop/bakal/IMG/04-16-19_02_52_213_0.44.jpg,0.44
/home/pi/Desktop/bakal/IMG/04-16-19_02_53_214_0.52.jpg,0.52
/home/pi/Desktop/bakal/IMG/04-16-19_02_54_215_0.55.jpg,0.55
/home/pi/Desktop/bakal/IMG/04-16-19_02_54_216_0.58.jpg,0.58
/home/pi/Desktop/bakal/IMG/04-16-19_02_55_217_0.62.jpg,0.62
/home/pi/Desktop/bakal/IMG/04-16-19_02_55_218_0.62.jpg,0.62
/home/pi/Desktop/bakal/IMG/04-16-19_02_56_219_0.64.jpg,0.64
/home/pi/Desktop/bakal/IMG/04-16-19_02_57_220_0.76.jpg,0.76
/home/pi/Desktop/bakal/IMG/04-16-19_02_57_221_0.88.jpg,0.88
/home/pi/Desktop/bakal/IMG/04-16-19_02_58_222_0.67.jpg,0.67
/home/pi/Desktop/bakal/IMG/04-16-19_02_58_223_0.24.jpg,0.24
/home/pi/Desktop/bakal/IMG/04-16-19_02_59_224_0.08.jpg,0.08
/home/pi/Desktop/bakal/IMG/04-16-19_03_00_225_0.04.jpg,0.04
/home/pi/Desktop/bakal/IMG/04-16-19_03_00_226_0.03.jpg,0.03
/home/pi/Desktop/bakal/IMG/04-16-19_03_01_227_0.0.jpg,0.0
/home/pi/Desktop/bakal/IMG/04-16-19_03_01_228_0.09.jpg,0.09
/home/pi/Desktop/bakal/IMG/04-16-19_03_02_229_0.26.jpg,0.26
/home/pi/Desktop/bakal/IMG/04-16-19_03_03_230_0.27.jpg,0.27
/home/pi/Desktop/bakal/IMG/04-16-19_03_03_231_0.2.jpg,0.2
/home/pi/Desktop/bakal/IMG/04-16-19_03_04_232_0.19.jpg,0.19
/home/pi/Desktop/bakal/IMG/04-16-19_03_05_233_0.21.jpg,0.21
/home/pi/Desktop/bakal/IMG/04-16-19_03_05_234_0.22.jpg,0.22
/home/pi/Desktop/bakal/IMG/04-16-19_03_06_235_0.22.jpg,0.22
/home/pi/Desktop/bakal/IMG/04-16-19_03_06_236_0.26.jpg,0.26
/home/pi/Desktop/bakal/IMG/04-16-19_03_07_237_0.41.jpg,0.41
/home/pi/Desktop/bakal/IMG/04-16-19_03_08_238_0.58.jpg,0.58
/home/pi/Desktop/bakal/IMG/04-16-19_03_08_239_0.71.jpg,0.71
/home/pi/Desktop/bakal/IMG/04-16-19_03_09_240_0.8.jpg,0.8
/home/pi/Desktop/bakal/IMG/04-16-19_03_09_241_0.84.jpg,0.84
/home/pi/Desktop/bakal/IMG/04-16-19_03_10_242_0.89.jpg,0.89
/home/pi/Desktop/bakal/IMG/04-16-19_03_11_243_0.94.jpg,0.94
/home/pi/Desktop/bakal/IMG/04-16-19_03_11_244_0.93.jpg,0.93
/home/pi/Desktop/bakal/IMG/04-16-19_03_12_245_0.76.jpg,0.76
/home/pi/Desktop/bakal/IMG/04-16-19_03_12_246_0.65.jpg,0.65
/home/pi/Desktop/bakal/IMG/04-16-19_03_13_247_0.65.jpg,0.65
/home/pi/Desktop/bakal/IMG/04-16-19_03_14_248_0.6.jpg,0.6
/home/pi/Desktop/bakal/IMG/04-16-19_03_14_249_0.58.jpg,0.58
/home/pi/Desktop/bakal/IMG/04-16-19_03_15_250_0.57.jpg,0.57
/home/pi/Desktop/bakal/IMG/04-16-19_03_15_251_0.49.jpg,0.49
/home/pi/Desktop/bakal/IMG/04-16-19_03_16_252_0.42.jpg,0.42
/home/pi/Desktop/bakal/IMG/04-16-19_03_17_253_0.42.jpg,0.42
/home/pi/Desktop/bakal/IMG/04-16-19_03_17_254_0.46.jpg,0.46
/home/pi/Desktop/bakal/IMG/04-16-19_03_18_255_0.66.jpg,0.66
/home/pi/Desktop/bakal/IMG/04-16-19_03_18_256_0.76.jpg,0.76
/home/pi/Desktop/bakal/IMG/04-16-19_03_19_257_0.81.jpg,0.81
/home/pi/Desktop/bakal/IMG/04-16-19_03_20_258_0.85.jpg,0.85
/home/pi/Desktop/bakal/IMG/04-16-19_03_20_259_0.84.jpg,0.84
/home/pi/Desktop/bakal/IMG/04-16-19_03_21_260_0.57.jpg,0.57
/home/pi/Desktop/bakal/IMG/04-16-19_03_21_261_0.52.jpg,0.52
/home/pi/Desktop/bakal/IMG/04-16-19_03_22_262_0.53.jpg,0.53
/home/pi/Desktop/bakal/IMG/04-16-19_03_23_263_0.58.jpg,0.58
/home/pi/Desktop/bakal/IMG/04-16-19_03_23_264_0.68.jpg,0.68
/home/pi/Desktop/bakal/IMG/04-16-19_03_24_265_0.77.jpg,0.77
/home/pi/Desktop/bakal/IMG/04-16-19_03_24_266_0.76.jpg,0.76
/home/pi/Desktop/bakal/IMG/04-16-19_03_25_267_0.58.jpg,0.58
/home/pi/Desktop/bakal/IMG/04-16-19_03_26_268_0.39.jpg,0.39
/home/pi/Desktop/bakal/IMG/04-16-19_03_26_269_0.36.jpg,0.36
/home/pi/Desktop/bakal/IMG/04-16-19_03_27_270_0.36.jpg,0.36
/home/pi/Desktop/bakal/IMG/04-16-19_03_27_271_0.26.jpg,0.26
/home/pi/Desktop/bakal/IMG/04-16-19_03_28_272_0.18.jpg,0.18
/home/pi/Desktop/bakal/IMG/04-16-19_03_29_273_0.11.jpg,0.11
/home/pi/Desktop/bakal/IMG/04-16-19_03_29_274_0.14.jpg,0.14
/home/pi/Desktop/bakal/IMG/04-16-19_03_30_275_0.38.jpg,0.38
/home/pi/Desktop/bakal/IMG/04-16-19_03_30_276_0.48.jpg,0.48
/home/pi/Desktop/bakal/IMG/04-16-19_03_31_277_0.56.jpg,0.56
/home/pi/Desktop/bakal/IMG/04-16-19_03_32_278_0.64.jpg,0.64
/home/pi/Desktop/bakal/IMG/04-16-19_03_32_279_0.73.jpg,0.73
/home/pi/Desktop/bakal/IMG/04-16-19_03_33_280_0.72.jpg,0.72
/home/pi/Desktop/bakal/IMG/04-16-19_03_34_281_0.48.jpg,0.48
/home/pi/Desktop/bakal/IMG/04-16-19_03_34_282_0.44.jpg,0.44
/home/pi/Desktop/bakal/IMG/04-16-19_03_35_283_0.45.jpg,0.45
/home/pi/Desktop/bakal/IMG/04-16-19_03_35_284_0.45.jpg,0.45
/home/pi/Desktop/bakal/IMG/04-16-19_03_36_285_0.45.jpg,0.45
/home/pi/Desktop/bakal/IMG/04-16-19_03_37_286_0.45.jpg,0.45
/home/pi/Desktop/bakal/IMG/04-16-19_03_37_287_0.53.jpg,0.53
/home/pi/Desktop/bakal/IMG/04-16-19_03_38_288_0.57.jpg,0.57
/home/pi/Desktop/bakal/IMG/04-16-19_03_38_289_0.61.jpg,0.61
/home/pi/Desktop/bakal/IMG/04-16-19_03_39_290_0.64.jpg,0.64
/home/pi/Desktop/bakal/IMG/04-16-19_03_40_291_0.75.jpg,0.75
/home/pi/Desktop/bakal/IMG/04-16-19_03_40_292_0.78.jpg,0.78
/home/pi/Desktop/bakal/IMG/04-16-19_03_41_293_0.69.jpg,0.69
/home/pi/Desktop/bakal/IMG/04-16-19_03_41_294_0.6.jpg,0.6
/home/pi/Desktop/bakal/IMG/04-16-19_03_42_295_0.58.jpg,0.58
/home/pi/Desktop/bakal/IMG/04-16-19_03_43_296_0.59.jpg,0.59
/home/pi/Desktop/bakal/IMG/04-16-19_03_43_297_0.58.jpg,0.58
/home/pi/Desktop/bakal/IMG/04-16-19_03_44_298_0.58.jpg,0.58
/home/pi/Desktop/bakal/IMG/04-16-19_03_44_299_0.68.jpg,0.68
/home/pi/Desktop/bakal/IMG/04-16-19_03_45_300_0.69.jpg,0.69
/home/pi/Desktop/bakal/IMG/04-16-19_03_46_301_0.58.jpg,0.58
/home/pi/Desktop/bakal/IMG/04-16-19_03_46_302_0.53.jpg,0.53
/home/pi/Desktop/bakal/IMG/04-16-19_03_47_303_0.53.jpg,0.53
/home/pi/Desktop/bakal/IMG/04-16-19_03_47_304_0.52.jpg,0.52
/home/pi/Desktop/bakal/IMG/04-16-19_03_48_305_0.46.jpg,0.46
/home/pi/Desktop/bakal/IMG/04-16-19_03_49_306_0.43.jpg,0.43
/home/pi/Desktop/bakal/IMG/04-16-19_03_49_307_0.39.jpg,0.39
/home/pi/Desktop/bakal/IMG/04-16-19_03_50_308_0.3.jpg,0.3
/home/pi/Desktop/bakal/IMG/04-16-19_03_50_309_0.26.jpg,0.26
/home/pi/Desktop/bakal/IMG/04-16-19_03_51_310_0.28.jpg,0.28
/home/pi/Desktop/bakal/IMG/04-16-19_03_52_311_0.33.jpg,0.33
/home/pi/Desktop/bakal/IMG/04-16-19_03_52_312_0.41.jpg,0.41
/home/pi/Desktop/bakal/IMG/04-16-19_03_53_313_0.54.jpg,0.54
/home/pi/Desktop/bakal/IMG/04-16-19_03_53_314_0.65.jpg,0.65
/home/pi/Desktop/bakal/IMG/04-16-19_03_54_315_0.77.jpg,0.77
/home/pi/Desktop/bakal/IMG/04-16-19_03_55_316_0.84.jpg,0.84
/home/pi/Desktop/bakal/IMG/04-16-19_03_55_317_0.81.jpg,0.81
/home/pi/Desktop/bakal/IMG/04-16-19_03_56_318_0.64.jpg,0.64
/home/pi/Desktop/bakal/IMG/04-16-19_03_56_319_0.51.jpg,0.51
/home/pi/Desktop/bakal/IMG/04-16-19_03_57_320_0.5.jpg,0.5
/home/pi/Desktop/bakal/IMG/04-16-19_03_58_321_0.52.jpg,0.52
/home/pi/Desktop/bakal/IMG/04-16-19_03_58_322_0.62.jpg,0.62
/home/pi/Desktop/bakal/IMG/04-16-19_03_59_323_0.65.jpg,0.65
/home/pi/Desktop/bakal/IMG/04-16-19_03_59_324_0.67.jpg,0.67
/home/pi/Desktop/bakal/IMG/04-16-19_04_00_325_0.67.jpg,0.67
/home/pi/Desktop/bakal/IMG/04-16-19_04_01_326_0.67.jpg,0.67
/home/pi/Desktop/bakal/IMG/04-16-19_04_01_327_0.67.jpg,0.67
/home/pi/Desktop/bakal/IMG/04-16-19_04_02_328_0.67.jpg,0.67
/home/pi/Desktop/bakal/IMG/04-16-19_04_02_329_0.67.jpg,0.67
/home/pi/Desktop/bakal/IMG/04-16-19_04_03_330_0.67.jpg,0.67
/home/pi/Desktop/bakal/IMG/04-16-19_04_04_331_0.67.jpg,0.67
/home/pi/Desktop/bakal/IMG/04-16-19_04_04_332_0.47.jpg,0.47
/home/pi/Desktop/bakal/IMG/04-16-19_04_05_333_0.23.jpg,0.23
/home/pi/Desktop/bakal/IMG/04-16-19_04_06_334_0.33.jpg,0.33
/home/pi/Desktop/bakal/IMG/04-16-19_04_06_335_0.18.jpg,0.18
/home/pi/Desktop/bakal/IMG/04-16-19_04_07_336_0.07.jpg,0.07
/home/pi/Desktop/bakal/IMG/04-16-19_04_07_337_0.06.jpg,0.06
/home/pi/Desktop/bakal/IMG/04-16-19_04_08_338_0.21.jpg,0.21
/home/pi/Desktop/bakal/IMG/04-16-19_04_09_339_0.43.jpg,0.43
/home/pi/Desktop/bakal/IMG/04-16-19_04_09_340_0.53.jpg,0.53
/home/pi/Desktop/bakal/IMG/04-16-19_04_10_341_0.52.jpg,0.52
/home/pi/Desktop/bakal/IMG/04-16-19_04_10_342_0.33.jpg,0.33
/home/pi/Desktop/bakal/IMG/04-16-19_04_11_343_0.39.jpg,0.39
/home/pi/Desktop/bakal/IMG/04-16-19_04_12_344_0.52.jpg,0.52
/home/pi/Desktop/bakal/IMG/04-16-19_04_12_345_0.66.jpg,0.66
/home/pi/Desktop/bakal/IMG/04-16-19_04_13_346_0.75.jpg,0.75
/home/pi/Desktop/bakal/IMG/04-16-19_04_13_347_0.8.jpg,0.8
/home/pi/Desktop/bakal/IMG/04-16-19_04_14_348_0.82.jpg,0.82
/home/pi/Desktop/bakal/IMG/04-16-19_04_15_349_0.71.jpg,0.71
/home/pi/Desktop/bakal/IMG/04-16-19_04_15_350_0.47.jpg,0.47
/home/pi/Desktop/bakal/IMG/04-16-19_04_16_351_0.36.jpg,0.36
/home/pi/Desktop/bakal/IMG/04-16-19_04_16_352_0.29.jpg,0.29
/home/pi/Desktop/bakal/IMG/04-16-19_04_17_353_0.2.jpg,0.2
/home/pi/Desktop/bakal/IMG/04-16-19_04_18_354_0.25.jpg,0.25
/home/pi/Desktop/bakal/IMG/04-16-19_04_18_355_0.53.jpg,0.53
/home/pi/Desktop/bakal/IMG/04-16-19_04_19_356_0.72.jpg,0.72
/home/pi/Desktop/bakal/IMG/04-16-19_04_19_357_0.81.jpg,0.81
/home/pi/Desktop/bakal/IMG/04-16-19_04_20_358_0.82.jpg,0.82
/home/pi/Desktop/bakal/IMG/04-16-19_04_21_359_0.81.jpg,0.81
/home/pi/Desktop/bakal/IMG/04-16-19_04_21_360_0.87.jpg,0.87
/home/pi/Desktop/bakal/IMG/04-16-19_04_22_361_0.87.jpg,0.87
/home/pi/Desktop/bakal/IMG/04-16-19_04_22_362_0.73.jpg,0.73
/home/pi/Desktop/bakal/IMG/04-16-19_04_23_363_0.62.jpg,0.62
/home/pi/Desktop/bakal/IMG/04-16-19_04_24_364_0.55.jpg,0.55
/home/pi/Desktop/bakal/IMG/04-16-19_04_24_365_0.48.jpg,0.48
/home/pi/Desktop/bakal/IMG/04-16-19_04_25_366_0.37.jpg,0.37
/home/pi/Desktop/bakal/IMG/04-16-19_04_25_367_0.22.jpg,0.22
/home/pi/Desktop/bakal/IMG/04-16-19_04_26_368_0.13.jpg,0.13
/home/pi/Desktop/bakal/IMG/04-16-19_04_27_369_0.23.jpg,0.23
/home/pi/Desktop/bakal/IMG/04-16-19_04_27_370_0.36.jpg,0.36
/home/pi/Desktop/bakal/IMG/04-16-19_04_28_371_0.48.jpg,0.48
/home/pi/Desktop/bakal/IMG/04-16-19_04_28_372_0.57.jpg,0.57
/home/pi/Desktop/bakal/IMG/04-16-19_04_29_373_0.58.jpg,0.58
/home/pi/Desktop/bakal/IMG/04-16-19_04_30_374_0.64.jpg,0.64
/home/pi/Desktop/bakal/IMG/04-16-19_04_30_375_0.65.jpg,0.65
/home/pi/Desktop/bakal/IMG/04-16-19_04_31_376_0.65.jpg,0.65
/home/pi/Desktop/bakal/IMG/04-16-19_04_31_377_0.65.jpg,0.65
/home/pi/Desktop/bakal/IMG/04-16-19_04_32_378_0.75.jpg,0.75
/home/pi/Desktop/bakal/IMG/04-16-19_04_33_379_0.75.jpg,0.75
/home/pi/Desktop/bakal/IMG/04-16-19_04_33_380_0.75.jpg,0.75
/home/pi/Desktop/bakal/IMG/04-16-19_04_34_381_0.79.jpg,0.79
/home/pi/Desktop/bakal/IMG/04-16-19_04_34_382_0.63.jpg,0.63
/home/pi/Desktop/bakal/IMG/04-16-19_04_35_383_0.55.jpg,0.55
/home/pi/Desktop/bakal/IMG/04-16-19_04_36_384_0.54.jpg,0.54
/home/pi/Desktop/bakal/IMG/04-16-19_04_36_385_0.54.jpg,0.54
/home/pi/Desktop/bakal/IMG/04-16-19_04_37_386_0.54.jpg,0.54
/home/pi/Desktop/bakal/IMG/04-16-19_04_38_387_0.54.jpg,0.54
/home/pi/Desktop/bakal/IMG/04-16-19_04_38_388_0.53.jpg,0.53
/home/pi/Desktop/bakal/IMG/04-16-19_04_39_389_0.46.jpg,0.46
/home/pi/Desktop/bakal/IMG/04-16-19_04_39_390_0.34.jpg,0.34
/home/pi/Desktop/bakal/IMG/04-16-19_04_40_391_0.23.jpg,0.23
/home/pi/Desktop/bakal/IMG/04-16-19_04_41_392_0.15.jpg,0.15
/home/pi/Desktop/bakal/IMG/04-16-19_04_41_393_0.2.jpg,0.2
/home/pi/Desktop/bakal/IMG/04-16-19_04_42_394_0.34.jpg,0.34
/home/pi/Desktop/bakal/IMG/04-16-19_04_42_395_0.46.jpg,0.46
/home/pi/Desktop/bakal/IMG/04-16-19_04_43_396_0.54.jpg,0.54
/home/pi/Desktop/bakal/IMG/04-16-19_04_44_397_0.71.jpg,0.71
/home/pi/Desktop/bakal/IMG/04-16-19_04_44_398_0.81.jpg,0.81
/home/pi/Desktop/bakal/IMG/04-16-19_04_45_399_0.84.jpg,0.84
/home/pi/Desktop/bakal/IMG/04-16-19_04_45_400_0.84.jpg,0.84
/home/pi/Desktop/bakal/IMG/04-16-19_04_46_401_0.79.jpg,0.79
/home/pi/Desktop/bakal/IMG/04-16-19_04_47_402_0.53.jpg,0.53
/home/pi/Desktop/bakal/IMG/04-16-19_04_47_403_0.45.jpg,0.45
/home/pi/Desktop/bakal/IMG/04-16-19_04_48_404_0.55.jpg,0.55
/home/pi/Desktop/bakal/IMG/04-16-19_04_48_405_0.57.jpg,0.57
/home/pi/Desktop/bakal/IMG/04-16-19_04_49_406_0.57.jpg,0.57
/home/pi/Desktop/bakal/IMG/04-16-19_04_50_407_0.57.jpg,0.57
/home/pi/Desktop/bakal/IMG/04-16-19_04_50_408_0.57.jpg,0.57
/home/pi/Desktop/bakal/IMG/04-16-19_04_51_409_0.57.jpg,0.57
/home/pi/Desktop/bakal/IMG/04-16-19_04_51_410_0.57.jpg,0.57
/home/pi/Desktop/bakal/IMG/04-16-19_04_52_411_0.57.jpg,0.57
/home/pi/Desktop/bakal/IMG/04-16-19_04_53_412_0.57.jpg,0.57
/home/pi/Desktop/bakal/IMG/04-16-19_04_53_413_0.62.jpg,0.62
/home/pi/Desktop/bakal/IMG/04-16-19_04_54_414_0.61.jpg,0.61
/home/pi/Desktop/bakal/IMG/04-16-19_04_54_415_0.52.jpg,0.52
/home/pi/Desktop/bakal/IMG/04-16-19_04_55_416_0.42.jpg,0.42
/home/pi/Desktop/bakal/IMG/04-16-19_04_56_417_0.4.jpg,0.4
/home/pi/Desktop/bakal/IMG/04-16-19_04_56_418_0.35.jpg,0.35
/home/pi/Desktop/bakal/IMG/04-16-19_04_57_419_0.32.jpg,0.32
/home/pi/Desktop/bakal/IMG/04-16-19_04_57_420_0.3.jpg,0.3
/home/pi/Desktop/bakal/IMG/04-16-19_04_58_421_0.63.jpg,0.63
/home/pi/Desktop/bakal/IMG/04-16-19_04_59_422_0.78.jpg,0.78
/home/pi/Desktop/bakal/IMG/04-16-19_04_59_423_0.85.jpg,0.85
/home/pi/Desktop/bakal/IMG/04-16-19_05_00_424_0.84.jpg,0.84
/home/pi/Desktop/bakal/IMG/04-16-19_05_00_425_0.81.jpg,0.81
/home/pi/Desktop/bakal/IMG/04-16-19_05_01_426_0.81.jpg,0.81
/home/pi/Desktop/bakal/IMG/04-16-19_05_02_427_0.76.jpg,0.76
/home/pi/Desktop/bakal/IMG/04-16-19_05_02_428_0.6.jpg,0.6
/home/pi/Desktop/bakal/IMG/04-16-19_05_03_429_0.46.jpg,0.46
/home/pi/Desktop/bakal/IMG/04-16-19_05_03_430_0.41.jpg,0.41
/home/pi/Desktop/bakal/IMG/04-16-19_05_04_431_0.3.jpg,0.3
/home/pi/Desktop/bakal/IMG/04-16-19_05_05_432_0.25.jpg,0.25
/home/pi/Desktop/bakal/IMG/04-16-19_05_05_433_0.26.jpg,0.26
/home/pi/Desktop/bakal/IMG/04-16-19_05_06_434_0.25.jpg,0.25
/home/pi/Desktop/bakal/IMG/04-16-19_05_06_435_0.4.jpg,0.4
/home/pi/Desktop/bakal/IMG/04-16-19_05_07_436_0.62.jpg,0.62
/home/pi/Desktop/bakal/IMG/04-16-19_05_08_437_0.79.jpg,0.79
/home/pi/Desktop/bakal/IMG/04-16-19_05_08_438_0.86.jpg,0.86
/home/pi/Desktop/bakal/IMG/04-16-19_05_09_439_0.86.jpg,0.86
/home/pi/Desktop/bakal/IMG/04-16-19_05_10_440_0.74.jpg,0.74
/home/pi/Desktop/bakal/IMG/04-16-19_05_10_441_0.54.jpg,0.54
/home/pi/Desktop/bakal/IMG/04-16-19_05_11_442_0.47.jpg,0.47
/home/pi/Desktop/bakal/IMG/04-16-19_05_11_443_0.35.jpg,0.35
/home/pi/Desktop/bakal/IMG/04-16-19_05_12_444_0.33.jpg,0.33
/home/pi/Desktop/bakal/IMG/04-16-19_05_13_445_0.41.jpg,0.41
/home/pi/Desktop/bakal/IMG/04-16-19_05_13_446_0.53.jpg,0.53
/home/pi/Desktop/bakal/IMG/04-16-19_05_14_447_0.54.jpg,0.54
/home/pi/Desktop/bakal/IMG/04-16-19_05_14_448_0.57.jpg,0.57
/home/pi/Desktop/bakal/IMG/04-16-19_05_15_449_0.67.jpg,0.67
/home/pi/Desktop/bakal/IMG/04-16-19_05_16_450_0.72.jpg,0.72
/home/pi/Desktop/bakal/IMG/04-16-19_05_16_451_0.57.jpg,0.57
/home/pi/Desktop/bakal/IMG/04-16-19_05_17_452_0.46.jpg,0.46
/home/pi/Desktop/bakal/IMG/04-16-19_05_17_453_0.39.jpg,0.39
/home/pi/Desktop/bakal/IMG/04-16-19_05_18_454_0.39.jpg,0.39
/home/pi/Desktop/bakal/IMG/04-16-19_05_19_455_0.39.jpg,0.39
/home/pi/Desktop/bakal/IMG/04-16-19_05_19_456_0.46.jpg,0.46
/home/pi/Desktop/bakal/IMG/04-16-19_05_20_457_0.5.jpg,0.5
/home/pi/Desktop/bakal/IMG/04-16-19_05_20_458_0.5.jpg,0.5
/home/pi/Desktop/bakal/IMG/04-16-19_05_21_459_0.5.jpg,0.5
/home/pi/Desktop/bakal/IMG/04-16-19_05_22_460_0.5.jpg,0.5
/home/pi/Desktop/bakal/IMG/04-16-19_05_22_461_0.5.jpg,0.5
/home/pi/Desktop/bakal/IMG/04-16-19_05_23_462_0.5.jpg,0.5
/home/pi/Desktop/bakal/IMG/04-16-19_05_23_463_0.5.jpg,0.5
/home/pi/Desktop/bakal/IMG/04-16-19_05_24_464_0.5.jpg,0.5
/home/pi/Desktop/bakal/IMG/04-16-19_05_25_465_0.5.jpg,0.5
/home/pi/Desktop/bakal/IMG/04-16-19_05_25_466_0.5.jpg,0.5
/home/pi/Desktop/bakal/IMG/04-16-19_05_26_467_0.5.jpg,0.5
/home/pi/Desktop/bakal/IMG/04-16-19_05_26_468_0.49.jpg,0.49
/home/pi/Desktop/bakal/IMG/04-16-19_05_27_469_0.49.jpg,0.49
/home/pi/Desktop/bakal/IMG/04-16-19_05_28_470_0.49.jpg,0.49
/home/pi/Desktop/bakal/IMG/04-16-19_05_28_471_0.5.jpg,0.5
/home/pi/Desktop/bakal/IMG/04-16-19_05_29_472_0.61.jpg,0.61
/home/pi/Desktop/bakal/IMG/04-16-19_05_29_473_0.69.jpg,0.69
/home/pi/Desktop/bakal/IMG/04-16-19_05_30_474_0.76.jpg,0.76
/home/pi/Desktop/bakal/IMG/04-16-19_05_31_475_0.8.jpg,0.8
/home/pi/Desktop/bakal/IMG/04-16-19_05_31_476_0.8.jpg,0.8
/home/pi/Desktop/bakal/IMG/04-16-19_05_32_477_0.69.jpg,0.69
/home/pi/Desktop/bakal/IMG/04-16-19_05_32_478_0.52.jpg,0.52
/home/pi/Desktop/bakal/IMG/04-16-19_05_33_479_0.43.jpg,0.43
/home/pi/Desktop/bakal/IMG/04-16-19_05_34_480_0.34.jpg,0.34
/home/pi/Desktop/bakal/IMG/04-16-19_05_34_481_0.29.jpg,0.29
/home/pi/Desktop/bakal/IMG/04-16-19_05_35_482_0.39.jpg,0.39
/home/pi/Desktop/bakal/IMG/04-16-19_05_35_483_0.37.jpg,0.37
/home/pi/Desktop/bakal/IMG/04-16-19_05_36_484_0.26.jpg,0.26
/home/pi/Desktop/bakal/IMG/04-16-19_05_37_485_0.21.jpg,0.21
/home/pi/Desktop/bakal/IMG/04-16-19_05_37_486_0.45.jpg,0.45
/home/pi/Desktop/bakal/IMG/04-16-19_05_38_487_0.53.jpg,0.53
/home/pi/Desktop/bakal/IMG/04-16-19_05_39_488_0.57.jpg,0.57
/home/pi/Desktop/bakal/IMG/04-16-19_05_39_489_0.67.jpg,0.67
/home/pi/Desktop/bakal/IMG/04-16-19_05_40_490_0.72.jpg,0.72
/home/pi/Desktop/bakal/IMG/04-16-19_05_40_491_0.76.jpg,0.76
/home/pi/Desktop/bakal/IMG/04-16-19_05_41_492_0.83.jpg,0.83
/home/pi/Desktop/bakal/IMG/04-16-19_05_42_493_0.88.jpg,0.88
/home/pi/Desktop/bakal/IMG/04-16-19_05_42_494_0.88.jpg,0.88
/home/pi/Desktop/bakal/IMG/04-16-19_05_43_495_0.76.jpg,0.76
/home/pi/Desktop/bakal/IMG/04-16-19_05_43_496_0.48.jpg,0.48
/home/pi/Desktop/bakal/IMG/04-16-19_05_44_497_0.42.jpg,0.42
/home/pi/Desktop/bakal/IMG/04-16-19_05_45_498_0.44.jpg,0.44
/home/pi/Desktop/bakal/IMG/04-16-19_05_45_499_0.49.jpg,0.49
/home/pi/Desktop/bakal/IMG/04-16-19_05_46_500_0.58.jpg,0.58
/home/pi/Desktop/bakal/IMG/04-16-19_05_46_501_0.75.jpg,0.75
/home/pi/Desktop/bakal/IMG/04-16-19_05_47_502_0.67.jpg,0.67
/home/pi/Desktop/bakal/IMG/04-16-19_05_48_503_0.27.jpg,0.27
/home/pi/Desktop/bakal/IMG/04-16-19_05_48_504_0.15.jpg,0.15
/home/pi/Desktop/bakal/IMG/04-16-19_05_49_505_0.09.jpg,0.09
/home/pi/Desktop/bakal/IMG/04-16-19_05_49_506_0.37.jpg,0.37
/home/pi/Desktop/bakal/IMG/04-16-19_05_50_507_0.55.jpg,0.55
/home/pi/Desktop/bakal/IMG/04-16-19_05_51_508_0.59.jpg,0.59
/home/pi/Desktop/bakal/IMG/04-16-19_05_51_509_0.59.jpg,0.59
/home/pi/Desktop/bakal/IMG/04-16-19_05_52_510_0.59.jpg,0.59
/home/pi/Desktop/bakal/IMG/04-16-19_05_52_511_0.59.jpg,0.59
/home/pi/Desktop/bakal/IMG/04-16-19_05_53_512_0.59.jpg,0.59
/home/pi/Desktop/bakal/IMG/04-16-19_05_54_513_0.59.jpg,0.59
/home/pi/Desktop/bakal/IMG/04-16-19_05_54_514_0.59.jpg,0.59
/home/pi/Desktop/bakal/IMG/04-16-19_05_55_515_0.59.jpg,0.59
